<?xml version="1.0" ?>
<SoPhy>
  <data class="java.util.LinkedHashMap">
    <element ID="0" class="java.util.Map.Entry">
      <key class="java.lang.String" value="chips"></key>
      <entry class="sophy.medipix.SPMPXChipSet">
        <data class="java.util.LinkedHashMap">
          <element ID="0" class="java.util.Map.Entry">
            <key class="java.lang.Integer" value="0"></key>
            <entry class="sophy.medipix.TimepixChip">
              <data class="java.util.LinkedHashMap">
                <element ID="0" class="java.util.Map.Entry">
                  <key class="java.lang.String" value="DACs"></key>
                  <entry class="sophy.medipix.SPMPXDACCollection">
                    <data class="java.util.LinkedHashMap">
                      <element ID="0" class="java.util.Map.Entry">
                        <key class="java.lang.String" value="THL"></key>
                        <entry class="sophy.medipix.SPMPXDAC">
                          <data class="java.lang.Integer" value="372"></data>
                          <flags class="java.util.ArrayList">
                            <element ID="0" class="sophy.imaging.SPStoreWithFrameMetaDataFlag"></element>
                          </flags>
                          <name class="java.lang.String" value="THL"></name>
                          <editable class="java.lang.Boolean" value="true"></editable>
                          <defaultValue class="java.lang.Integer" value="250"></defaultValue>
                          <maxValue class="java.lang.Integer" value="1023"></maxValue>
                          <minValue class="java.lang.Integer" value="0"></minValue>
                        </entry>
                      </element>
                    </data>
                    <flags class="java.util.ArrayList"></flags>
                    <name class="java.lang.String" value="DACs"></name>
                    <editable class="java.lang.Boolean" value="false"></editable>
                  </entry>
                </element>
                <element ID="1" class="java.util.Map.Entry">
                  <key class="java.lang.String" value="chipRow"></key>
                  <entry class="sophy.core.data.meta.SPIntegerMetaDataItem">
                    <data class="java.lang.Integer" value="0"></data>
                    <flags class="java.util.ArrayList">
                      <element ID="0" class="sophy.imaging.SPStoreWithFrameMetaDataFlag"></element>
                    </flags>
                    <name class="java.lang.String" value="chipRow"></name>
                    <description class="java.lang.String" value="Position of the chip in the array"></description>
                    <editable class="java.lang.Boolean" value="false"></editable>
                  </entry>
                </element>
                <element ID="2" class="java.util.Map.Entry">
                  <key class="java.lang.String" value="chipColumn"></key>
                  <entry class="sophy.core.data.meta.SPIntegerMetaDataItem">
                    <data class="java.lang.Integer" value="0"></data>
                    <flags class="java.util.ArrayList">
                      <element ID="0" class="sophy.imaging.SPStoreWithFrameMetaDataFlag"></element>
                    </flags>
                    <name class="java.lang.String" value="chipColumn"></name>
                    <description class="java.lang.String" value="Position of the chip in the array"></description>
                    <editable class="java.lang.Boolean" value="false"></editable>
                  </entry>
                </element>
                <element ID="3" class="java.util.Map.Entry">
                  <key class="java.lang.String" value="pixelIndexer"></key>
                  <entry class="sophy.core.data.meta.SPIndexer2DMetaDataItem">
                    <data class="sophy.medipix.SPMPXChipIndexer2D"></data>
                    <flags class="java.util.ArrayList"></flags>
                    <name class="java.lang.String" value="pixelIndexer"></name>
                    <editable class="java.lang.Boolean" value="false"></editable>
                  </entry>
                </element>
                <element ID="4" class="java.util.Map.Entry">
                  <key class="java.lang.String" value="rawDataPixelIndexer"></key>
                  <entry class="sophy.core.data.meta.SPIndexer2DMetaDataItem">
                    <data class="sophy.medipix.SPMPXChipIndexer2D"></data>
                    <flags class="java.util.ArrayList"></flags>
                    <name class="java.lang.String" value="rawDataPixelIndexer"></name>
                    <editable class="java.lang.Boolean" value="false"></editable>
                  </entry>
                </element>
                <element ID="5" class="java.util.Map.Entry">
                  <key class="java.lang.String" value="masks"></key>
                  <entry class="sophy.medipix.SPMPXPixelConfigMaskSet">
                    <data class="java.util.LinkedHashMap">
                      <element ID="0" class="java.util.Map.Entry">
                        <key class="java.lang.String" value="maskBits"></key>
                        <entry class="sophy.medipix.SPBitMaskMetaDataItem">
                          <data class="sophy.core.data.SPshortVector2D">
                            <data class="[S" externalObject="0_4a208338-f67b-4e59-90c4-db980aeaacc7_short[]"></data>
                            <columns class="java.lang.Integer" value="256"></columns>
                            <rows class="java.lang.Integer" value="256"></rows>
                            <indexer class="sophy.medipix.SPMPXChipIndexer2D"></indexer>
                          </data>
                          <flags class="java.util.ArrayList"></flags>
                          <name class="java.lang.String" value="maskBits"></name>
                          <description class="java.lang.String" value="Map of ignored pixels"></description>
                          <editable class="java.lang.Boolean" value="true"></editable>
                          <bitOffset class="java.lang.Integer" value="0"></bitOffset>
                          <bitSize class="java.lang.Integer" value="1"></bitSize>
                        </entry>
                      </element>
                      <element ID="1" class="java.util.Map.Entry">
                        <key class="java.lang.String" value="testBits"></key>
                        <entry class="sophy.medipix.SPBitMaskMetaDataItem">
                          <data class="sophy.core.data.SPshortVector2D">
                            <data class="[S" externalObject="1_9760d02e-45d2-42fd-94c3-f43ef12aee27_short[]"></data>
                            <columns class="java.lang.Integer" value="256"></columns>
                            <rows class="java.lang.Integer" value="256"></rows>
                            <indexer class="sophy.medipix.SPMPXChipIndexer2D"></indexer>
                          </data>
                          <flags class="java.util.ArrayList"></flags>
                          <name class="java.lang.String" value="testBits"></name>
                          <description class="java.lang.String" value="Map of test bit settings"></description>
                          <editable class="java.lang.Boolean" value="true"></editable>
                          <bitOffset class="java.lang.Integer" value="1"></bitOffset>
                          <bitSize class="java.lang.Integer" value="1"></bitSize>
                        </entry>
                      </element>
                      <element ID="2" class="java.util.Map.Entry">
                        <key class="java.lang.String" value="thlAdj"></key>
                        <entry class="sophy.medipix.SPBitMaskMetaDataItem">
                          <data class="sophy.core.data.SPshortVector2D">
                            <data class="[S" externalObject="2_96fb965f-2e9f-4324-b159-a4eb6b86af6e_short[]"></data>
                            <columns class="java.lang.Integer" value="256"></columns>
                            <rows class="java.lang.Integer" value="256"></rows>
                            <indexer class="sophy.medipix.SPMPXChipIndexer2D"></indexer>
                          </data>
                          <flags class="java.util.ArrayList"></flags>
                          <name class="java.lang.String" value="thlAdj"></name>
                          <description class="java.lang.String" value="THL adjustment"></description>
                          <editable class="java.lang.Boolean" value="true"></editable>
                          <bitOffset class="java.lang.Integer" value="2"></bitOffset>
                          <bitSize class="java.lang.Integer" value="4"></bitSize>
                        </entry>
                      </element>
                      <element ID="3" class="java.util.Map.Entry">
                        <key class="java.lang.String" value="configFile"></key>
                        <entry class="sophy.core.data.meta.SPStringMetaDataItem">
                          <flags class="java.util.ArrayList"></flags>
                          <name class="java.lang.String" value="configFile"></name>
                          <editable class="java.lang.Boolean" value="false"></editable>
                        </entry>
                      </element>
                      <element ID="4" class="java.util.Map.Entry">
                        <key class="java.lang.String" value="mode"></key>
                        <entry class="sophy.medipix.SPBitMaskMetaDataItem">
                          <data class="sophy.core.data.SPshortVector2D">
                            <data class="[S" externalObject="3_b4b03ff4-e8a3-4b9d-82c5-48615fdbeb02_short[]"></data>
                            <columns class="java.lang.Integer" value="256"></columns>
                            <rows class="java.lang.Integer" value="256"></rows>
                            <indexer class="sophy.medipix.SPMPXChipIndexer2D"></indexer>
                          </data>
                          <flags class="java.util.ArrayList"></flags>
                          <name class="java.lang.String" value="mode"></name>
                          <description class="java.lang.String" value="Pixel operation mode"></description>
                          <editable class="java.lang.Boolean" value="true"></editable>
                          <bitOffset class="java.lang.Integer" value="6"></bitOffset>
                          <bitSize class="java.lang.Integer" value="2"></bitSize>
                        </entry>
                      </element>
                    </data>
                    <flags class="java.util.ArrayList"></flags>
                    <name class="java.lang.String" value="pixel configuration"></name>
                    <editable class="java.lang.Boolean" value="false"></editable>
                  </entry>
                </element>
                <element ID="6" class="java.util.Map.Entry">
                  <key class="java.lang.String" value="Pixel mode"></key>
                  <entry class="sophy.core.data.meta.SPIntegerMetaDataItem">
                    <data class="java.lang.Integer" value="0"></data>
                    <flags class="java.util.ArrayList"></flags>
                    <name class="java.lang.String" value="Pixel mode"></name>
                    <description class="java.lang.String" value="Settings of the pixel operation."></description>
                    <editable class="java.lang.Boolean" value="true"></editable>
                  </entry>
                </element>
              </data>
              <flags class="java.util.ArrayList">
                <element ID="0" class="sophy.imaging.SPStoreWithFrameMetaDataFlag"></element>
              </flags>
              <name class="java.lang.String" value="TPX chip 0"></name>
              <editable class="java.lang.Boolean" value="false"></editable>
            </entry>
          </element>
          <element ID="1" class="java.util.Map.Entry">
            <key class="java.lang.Integer" value="1"></key>
            <entry class="sophy.medipix.TimepixChip">
              <data class="java.util.LinkedHashMap">
                <element ID="0" class="java.util.Map.Entry">
                  <key class="java.lang.String" value="DACs"></key>
                  <entry class="sophy.medipix.SPMPXDACCollection">
                    <data class="java.util.LinkedHashMap">
                      <element ID="0" class="java.util.Map.Entry">
                        <key class="java.lang.String" value="THL"></key>
                        <entry class="sophy.medipix.SPMPXDAC">
                          <data class="java.lang.Integer" value="358"></data>
                          <flags class="java.util.ArrayList">
                            <element ID="0" class="sophy.imaging.SPStoreWithFrameMetaDataFlag"></element>
                          </flags>
                          <name class="java.lang.String" value="THL"></name>
                          <editable class="java.lang.Boolean" value="true"></editable>
                          <defaultValue class="java.lang.Integer" value="250"></defaultValue>
                          <maxValue class="java.lang.Integer" value="1023"></maxValue>
                          <minValue class="java.lang.Integer" value="0"></minValue>
                        </entry>
                      </element>
                    </data>
                    <flags class="java.util.ArrayList"></flags>
                    <name class="java.lang.String" value="DACs"></name>
                    <editable class="java.lang.Boolean" value="false"></editable>
                  </entry>
                </element>
                <element ID="1" class="java.util.Map.Entry">
                  <key class="java.lang.String" value="chipRow"></key>
                  <entry class="sophy.core.data.meta.SPIntegerMetaDataItem">
                    <data class="java.lang.Integer" value="0"></data>
                    <flags class="java.util.ArrayList">
                      <element ID="0" class="sophy.imaging.SPStoreWithFrameMetaDataFlag"></element>
                    </flags>
                    <name class="java.lang.String" value="chipRow"></name>
                    <description class="java.lang.String" value="Position of the chip in the array"></description>
                    <editable class="java.lang.Boolean" value="false"></editable>
                  </entry>
                </element>
                <element ID="2" class="java.util.Map.Entry">
                  <key class="java.lang.String" value="chipColumn"></key>
                  <entry class="sophy.core.data.meta.SPIntegerMetaDataItem">
                    <data class="java.lang.Integer" value="1"></data>
                    <flags class="java.util.ArrayList">
                      <element ID="0" class="sophy.imaging.SPStoreWithFrameMetaDataFlag"></element>
                    </flags>
                    <name class="java.lang.String" value="chipColumn"></name>
                    <description class="java.lang.String" value="Position of the chip in the array"></description>
                    <editable class="java.lang.Boolean" value="false"></editable>
                  </entry>
                </element>
                <element ID="3" class="java.util.Map.Entry">
                  <key class="java.lang.String" value="pixelIndexer"></key>
                  <entry class="sophy.core.data.meta.SPIndexer2DMetaDataItem">
                    <data class="sophy.medipix.SPMPXChipIndexer2D"></data>
                    <flags class="java.util.ArrayList"></flags>
                    <name class="java.lang.String" value="pixelIndexer"></name>
                    <editable class="java.lang.Boolean" value="false"></editable>
                  </entry>
                </element>
                <element ID="4" class="java.util.Map.Entry">
                  <key class="java.lang.String" value="rawDataPixelIndexer"></key>
                  <entry class="sophy.core.data.meta.SPIndexer2DMetaDataItem">
                    <data class="sophy.medipix.SPMPXChipIndexer2D"></data>
                    <flags class="java.util.ArrayList"></flags>
                    <name class="java.lang.String" value="rawDataPixelIndexer"></name>
                    <editable class="java.lang.Boolean" value="false"></editable>
                  </entry>
                </element>
                <element ID="5" class="java.util.Map.Entry">
                  <key class="java.lang.String" value="masks"></key>
                  <entry class="sophy.medipix.SPMPXPixelConfigMaskSet">
                    <data class="java.util.LinkedHashMap">
                      <element ID="0" class="java.util.Map.Entry">
                        <key class="java.lang.String" value="maskBits"></key>
                        <entry class="sophy.medipix.SPBitMaskMetaDataItem">
                          <data class="sophy.core.data.SPshortVector2D">
                            <data class="[S" externalObject="4_1d761470-fef6-4239-8449-165a4791d031_short[]"></data>
                            <columns class="java.lang.Integer" value="256"></columns>
                            <rows class="java.lang.Integer" value="256"></rows>
                            <indexer class="sophy.medipix.SPMPXChipIndexer2D"></indexer>
                          </data>
                          <flags class="java.util.ArrayList"></flags>
                          <name class="java.lang.String" value="maskBits"></name>
                          <description class="java.lang.String" value="Map of ignored pixels"></description>
                          <editable class="java.lang.Boolean" value="true"></editable>
                          <bitOffset class="java.lang.Integer" value="0"></bitOffset>
                          <bitSize class="java.lang.Integer" value="1"></bitSize>
                        </entry>
                      </element>
                      <element ID="1" class="java.util.Map.Entry">
                        <key class="java.lang.String" value="testBits"></key>
                        <entry class="sophy.medipix.SPBitMaskMetaDataItem">
                          <data class="sophy.core.data.SPshortVector2D">
                            <data class="[S" externalObject="5_819a30d5-5a21-4122-bfd1-07d7c26aeb82_short[]"></data>
                            <columns class="java.lang.Integer" value="256"></columns>
                            <rows class="java.lang.Integer" value="256"></rows>
                            <indexer class="sophy.medipix.SPMPXChipIndexer2D"></indexer>
                          </data>
                          <flags class="java.util.ArrayList"></flags>
                          <name class="java.lang.String" value="testBits"></name>
                          <description class="java.lang.String" value="Map of test bit settings"></description>
                          <editable class="java.lang.Boolean" value="true"></editable>
                          <bitOffset class="java.lang.Integer" value="1"></bitOffset>
                          <bitSize class="java.lang.Integer" value="1"></bitSize>
                        </entry>
                      </element>
                      <element ID="2" class="java.util.Map.Entry">
                        <key class="java.lang.String" value="thlAdj"></key>
                        <entry class="sophy.medipix.SPBitMaskMetaDataItem">
                          <data class="sophy.core.data.SPshortVector2D">
                            <data class="[S" externalObject="6_ff25336d-4406-4c89-a8eb-044544021480_short[]"></data>
                            <columns class="java.lang.Integer" value="256"></columns>
                            <rows class="java.lang.Integer" value="256"></rows>
                            <indexer class="sophy.medipix.SPMPXChipIndexer2D"></indexer>
                          </data>
                          <flags class="java.util.ArrayList"></flags>
                          <name class="java.lang.String" value="thlAdj"></name>
                          <description class="java.lang.String" value="THL adjustment"></description>
                          <editable class="java.lang.Boolean" value="true"></editable>
                          <bitOffset class="java.lang.Integer" value="2"></bitOffset>
                          <bitSize class="java.lang.Integer" value="4"></bitSize>
                        </entry>
                      </element>
                      <element ID="3" class="java.util.Map.Entry">
                        <key class="java.lang.String" value="configFile"></key>
                        <entry class="sophy.core.data.meta.SPStringMetaDataItem">
                          <flags class="java.util.ArrayList"></flags>
                          <name class="java.lang.String" value="configFile"></name>
                          <editable class="java.lang.Boolean" value="false"></editable>
                        </entry>
                      </element>
                      <element ID="4" class="java.util.Map.Entry">
                        <key class="java.lang.String" value="mode"></key>
                        <entry class="sophy.medipix.SPBitMaskMetaDataItem">
                          <data class="sophy.core.data.SPshortVector2D">
                            <data class="[S" externalObject="7_146de9cd-fb29-4a85-a37d-a69a81572321_short[]"></data>
                            <columns class="java.lang.Integer" value="256"></columns>
                            <rows class="java.lang.Integer" value="256"></rows>
                            <indexer class="sophy.medipix.SPMPXChipIndexer2D"></indexer>
                          </data>
                          <flags class="java.util.ArrayList"></flags>
                          <name class="java.lang.String" value="mode"></name>
                          <description class="java.lang.String" value="Pixel operation mode"></description>
                          <editable class="java.lang.Boolean" value="true"></editable>
                          <bitOffset class="java.lang.Integer" value="6"></bitOffset>
                          <bitSize class="java.lang.Integer" value="2"></bitSize>
                        </entry>
                      </element>
                    </data>
                    <flags class="java.util.ArrayList"></flags>
                    <name class="java.lang.String" value="pixel configuration"></name>
                    <editable class="java.lang.Boolean" value="false"></editable>
                  </entry>
                </element>
                <element ID="6" class="java.util.Map.Entry">
                  <key class="java.lang.String" value="Pixel mode"></key>
                  <entry class="sophy.core.data.meta.SPIntegerMetaDataItem">
                    <data class="java.lang.Integer" value="0"></data>
                    <flags class="java.util.ArrayList"></flags>
                    <name class="java.lang.String" value="Pixel mode"></name>
                    <description class="java.lang.String" value="Settings of the pixel operation."></description>
                    <editable class="java.lang.Boolean" value="true"></editable>
                  </entry>
                </element>
              </data>
              <flags class="java.util.ArrayList">
                <element ID="0" class="sophy.imaging.SPStoreWithFrameMetaDataFlag"></element>
              </flags>
              <name class="java.lang.String" value="TPX chip 1"></name>
              <editable class="java.lang.Boolean" value="false"></editable>
            </entry>
          </element>
        </data>
        <flags class="java.util.ArrayList"></flags>
        <name class="java.lang.String" value="chips"></name>
        <editable class="java.lang.Boolean" value="false"></editable>
      </entry>
    </element>
    <element ID="1" class="java.util.Map.Entry">
      <key class="java.lang.String" value="requiredDataType"></key>
      <entry class="sophy.core.data.meta.SPClassMetaDataItem">
        <data class="java.lang.Class" value="sophy.core.data.SPshortVector2D"></data>
        <flags class="java.util.ArrayList"></flags>
        <name class="java.lang.String" value="requiredDataType"></name>
        <editable class="java.lang.Boolean" value="false"></editable>
      </entry>
    </element>
    <element ID="2" class="java.util.Map.Entry">
      <key class="java.lang.String" value="requiredErrorType"></key>
      <entry class="sophy.core.data.meta.SPClassMetaDataItem">
        <data class="java.lang.Class" value="sophy.core.data.SPshortVector2D"></data>
        <flags class="java.util.ArrayList"></flags>
        <name class="java.lang.String" value="requiredErrorType"></name>
        <editable class="java.lang.Boolean" value="false"></editable>
      </entry>
    </element>
    <element ID="3" class="java.util.Map.Entry">
      <key class="java.lang.String" value="pixelIndexer"></key>
      <entry class="sophy.core.data.meta.SPIndexer2DMetaDataItem">
        <data class="sophy.core.data.SPColumnStorageIndexer2D"></data>
        <flags class="java.util.ArrayList"></flags>
        <name class="java.lang.String" value="pixelIndexer"></name>
        <editable class="java.lang.Boolean" value="false"></editable>
      </entry>
    </element>
    <element ID="4" class="java.util.Map.Entry">
      <key class="java.lang.String" value="image transformation"></key>
      <entry class="sophy.core.plot.SPImageTransformationMetaData">
        <data class="java.util.concurrent.CopyOnWriteArrayList">
          <element ID="0" class="sophy.core.data.meta.SPBooleanMetaDataItem">
            <data class="java.lang.Boolean" value="false"></data>
            <flags class="java.util.ArrayList"></flags>
            <name class="java.lang.String" value="horizontalFlip"></name>
            <editable class="java.lang.Boolean" value="true"></editable>
          </element>
          <element ID="1" class="sophy.core.data.meta.SPBooleanMetaDataItem">
            <data class="java.lang.Boolean" value="false"></data>
            <flags class="java.util.ArrayList"></flags>
            <name class="java.lang.String" value="verticalFlip"></name>
            <editable class="java.lang.Boolean" value="true"></editable>
          </element>
          <element ID="2" class="sophy.core.plot.SPImageTransformRotMetaDataItem">
            <data class="sophy.core.data.ROTATION" value="DEG_0"></data>
            <flags class="java.util.ArrayList"></flags>
            <name class="java.lang.String" value="rotation"></name>
            <editable class="java.lang.Boolean" value="true"></editable>
          </element>
        </data>
        <flags class="java.util.ArrayList"></flags>
        <name class="java.lang.String" value="image transformation"></name>
        <description class="java.lang.String" value="Image rotation and flipping"></description>
        <editable class="java.lang.Boolean" value="false"></editable>
      </entry>
    </element>
    <element ID="5" class="java.util.Map.Entry">
      <key class="java.lang.String" value="expTime"></key>
      <entry class="sophy.core.data.meta.SPDoubleMetaDataItem">
        <data class="java.lang.Double" value="1.0"></data>
        <flags class="java.util.ArrayList"></flags>
        <name class="java.lang.String" value="expTime"></name>
        <description class="java.lang.String" value="Exposure time [s]"></description>
        <editable class="java.lang.Boolean" value="true"></editable>
      </entry>
    </element>
    <element ID="6" class="java.util.Map.Entry">
      <key class="java.lang.String" value="pixelCalibration"></key>
      <entry class="sophy.imaging.SPPixelCalibrationMetaDataItem">
        <flags class="java.util.ArrayList"></flags>
        <name class="java.lang.String" value="pixelCalibration"></name>
        <description class="java.lang.String" value="Pixel calibration (i.e. TOT calibration)"></description>
        <editable class="java.lang.Boolean" value="true"></editable>
      </entry>
    </element>
  </data>
  <flags class="java.util.ArrayList"></flags>
  <name class="java.lang.String" value="2_G04-W0056-TPX_E02-W0056-TPX"></name>
  <editable class="java.lang.Boolean" value="false"></editable>
</SoPhy>