<?xml version="1.0" ?>
<SoPhy>
  <data class="java.util.LinkedHashMap">
    <element ID="0" class="java.util.Map.Entry">
      <key class="java.lang.String" value="rows"></key>
      <entry class="sophy.core.data.meta.SPIntegerMetaDataItem">
        <data class="java.lang.Integer" value="256"></data>
        <flags class="java.util.ArrayList">
          <element ID="0" class="sophy.imaging.SPStoreWithFrameMetaDataFlag"></element>
        </flags>
        <name class="java.lang.String" value="rows"></name>
        <editable class="java.lang.Boolean" value="false"></editable>
      </entry>
    </element>
    <element ID="1" class="java.util.Map.Entry">
      <key class="java.lang.String" value="columns"></key>
      <entry class="sophy.core.data.meta.SPIntegerMetaDataItem">
        <data class="java.lang.Integer" value="512"></data>
        <flags class="java.util.ArrayList">
          <element ID="0" class="sophy.imaging.SPStoreWithFrameMetaDataFlag"></element>
        </flags>
        <name class="java.lang.String" value="columns"></name>
        <editable class="java.lang.Boolean" value="false"></editable>
      </entry>
    </element>
    <element ID="2" class="java.util.Map.Entry">
      <key class="java.lang.String" value="detectorName"></key>
      <entry class="sophy.core.data.meta.SPStringMetaDataItem">
        <data class="java.lang.String" value="2_G04-W0056-TPX_E02-W0056-TPX"></data>
        <flags class="java.util.ArrayList">
          <element ID="0" class="sophy.imaging.SPStoreWithFrameMetaDataFlag"></element>
        </flags>
        <name class="java.lang.String" value="detectorName"></name>
        <editable class="java.lang.Boolean" value="false"></editable>
      </entry>
    </element>
    <element ID="3" class="java.util.Map.Entry">
      <key class="java.lang.String" value="pixelIndexer"></key>
      <entry class="sophy.core.data.meta.SPIndexer2DMetaDataItem">
        <data class="sophy.medipix.SPMPXIndexer2D">
          <lookupTable class="sophy.core.data.SPintegerVector2D">
            <data class="[I" externalObject="0_48f7941c-c9be-4e8a-aa34-649d018b5406_int[]"></data>
            <columns class="java.lang.Integer" value="512"></columns>
            <rows class="java.lang.Integer" value="256"></rows>
            <indexer class="sophy.core.data.SPColumnStorageIndexer2D"></indexer>
          </lookupTable>
        </data>
        <flags class="java.util.ArrayList">
          <element ID="0" class="sophy.imaging.SPStoreWithFrameMetaDataFlag"></element>
        </flags>
        <name class="java.lang.String" value="pixelIndexer"></name>
        <editable class="java.lang.Boolean" value="false"></editable>
      </entry>
    </element>
    <element ID="4" class="java.util.Map.Entry">
      <key class="java.lang.String" value="expTime"></key>
      <entry class="sophy.core.data.meta.SPDoubleMetaDataItem">
        <data class="java.lang.Double" value="0.001"></data>
        <flags class="java.util.ArrayList">
          <element ID="0" class="sophy.imaging.SPStoreWithFrameMetaDataFlag"></element>
        </flags>
        <name class="java.lang.String" value="expTime"></name>
        <description class="java.lang.String" value="Exposure time [s]"></description>
        <editable class="java.lang.Boolean" value="true"></editable>
      </entry>
    </element>
    <element ID="5" class="java.util.Map.Entry">
      <key class="java.lang.String" value="acquisition parameters"></key>
      <entry class="sophy.medipix.drivers.pxm.SPPXMAcqPars">
        <data class="java.util.LinkedHashMap">
          <element ID="0" class="java.util.Map.Entry">
            <key class="java.lang.String" value="polarityPositive"></key>
            <entry class="sophy.core.data.meta.SPBooleanMetaDataItem">
              <data class="java.lang.Boolean" value="false"></data>
              <flags class="java.util.ArrayList"></flags>
              <name class="java.lang.String" value="polarityPositive"></name>
              <editable class="java.lang.Boolean" value="true"></editable>
            </entry>
          </element>
          <element ID="1" class="java.util.Map.Entry">
            <key class="java.lang.String" value="acquisition mode"></key>
            <entry class="sophy.medipix.drivers.pxm.SPPXMAcqMode">
              <data class="java.lang.Integer" value="32"></data>
              <flags class="java.util.ArrayList">
                <element ID="0" class="sophy.imaging.SPStoreWithFrameMetaDataFlag"></element>
              </flags>
              <name class="java.lang.String" value="acquisition mode"></name>
              <editable class="java.lang.Boolean" value="true"></editable>
              <acqModes class="java.util.LinkedHashMap">
                <element ID="0" class="java.util.Map.Entry">
                  <key class="java.lang.Integer" value="1"></key>
                  <entry class="java.lang.String" value="ACQSTART_TIMERSTOP"></entry>
                </element>
                <element ID="1" class="java.util.Map.Entry">
                  <key class="java.lang.Integer" value="4"></key>
                  <entry class="java.lang.String" value="ACQSTART_SWTRIGSTOP"></entry>
                </element>
                <element ID="2" class="java.util.Map.Entry">
                  <key class="java.lang.Integer" value="16"></key>
                  <entry class="java.lang.String" value="HWTRIGSTART_TIMERSTOP"></entry>
                </element>
                <element ID="3" class="java.util.Map.Entry">
                  <key class="java.lang.Integer" value="32"></key>
                  <entry class="java.lang.String" value="HWTRIGSTART_HWTRIGSTOP"></entry>
                </element>
              </acqModes>
            </entry>
          </element>
          <element ID="2" class="java.util.Map.Entry">
            <key class="java.lang.String" value="acqCount"></key>
            <entry class="sophy.core.data.meta.SPIntegerMetaDataItem">
              <data class="java.lang.Integer" value="2147483647"></data>
              <flags class="java.util.ArrayList"></flags>
              <name class="java.lang.String" value="acqCount"></name>
              <editable class="java.lang.Boolean" value="false"></editable>
            </entry>
          </element>
          <element ID="3" class="java.util.Map.Entry">
            <key class="java.lang.String" value="time"></key>
            <entry class="sophy.core.data.meta.SPDoubleMetaDataItem">
              <data class="java.lang.Double" value="0.001"></data>
              <flags class="java.util.ArrayList"></flags>
              <name class="java.lang.String" value="time"></name>
              <editable class="java.lang.Boolean" value="false"></editable>
            </entry>
          </element>
          <element ID="4" class="java.util.Map.Entry">
            <key class="java.lang.String" value="enableCst"></key>
            <entry class="sophy.core.data.meta.SPBooleanMetaDataItem">
              <data class="java.lang.Boolean" value="false"></data>
              <flags class="java.util.ArrayList"></flags>
              <name class="java.lang.String" value="enableCst"></name>
              <editable class="java.lang.Boolean" value="false"></editable>
            </entry>
          </element>
        </data>
        <flags class="java.util.ArrayList">
          <element ID="0" class="sophy.imaging.SPStoreWithFrameMetaDataFlag"></element>
        </flags>
        <name class="java.lang.String" value="acquisition parameters"></name>
        <editable class="java.lang.Boolean" value="false"></editable>
      </entry>
    </element>
    <element ID="6" class="java.util.Map.Entry">
      <key class="java.lang.String" value="device info"></key>
      <entry class="sophy.medipix.drivers.pxm.SPPXMDevInfo">
        <data class="java.util.LinkedHashMap">
          <element ID="0" class="java.util.Map.Entry">
            <key class="java.lang.String" value="supported acq modes"></key>
            <entry class="sophy.medipix.drivers.pxm.SPPXMSupportedAcqModes">
              <data class="java.util.LinkedHashMap">
                <element ID="0" class="java.util.Map.Entry">
                  <key class="java.lang.Integer" value="1"></key>
                  <entry class="sophy.core.data.meta.SPIntegerMetaDataItem">
                    <data class="java.lang.Integer" value="1"></data>
                    <flags class="java.util.ArrayList"></flags>
                    <name class="java.lang.String" value="ACQSTART_TIMERSTOP"></name>
                    <editable class="java.lang.Boolean" value="false"></editable>
                  </entry>
                </element>
                <element ID="1" class="java.util.Map.Entry">
                  <key class="java.lang.Integer" value="4"></key>
                  <entry class="sophy.core.data.meta.SPIntegerMetaDataItem">
                    <data class="java.lang.Integer" value="4"></data>
                    <flags class="java.util.ArrayList"></flags>
                    <name class="java.lang.String" value="ACQSTART_SWTRIGSTOP"></name>
                    <editable class="java.lang.Boolean" value="false"></editable>
                  </entry>
                </element>
                <element ID="2" class="java.util.Map.Entry">
                  <key class="java.lang.Integer" value="16"></key>
                  <entry class="sophy.core.data.meta.SPIntegerMetaDataItem">
                    <data class="java.lang.Integer" value="16"></data>
                    <flags class="java.util.ArrayList"></flags>
                    <name class="java.lang.String" value="HWTRIGSTART_TIMERSTOP"></name>
                    <editable class="java.lang.Boolean" value="false"></editable>
                  </entry>
                </element>
                <element ID="3" class="java.util.Map.Entry">
                  <key class="java.lang.Integer" value="32"></key>
                  <entry class="sophy.core.data.meta.SPIntegerMetaDataItem">
                    <data class="java.lang.Integer" value="32"></data>
                    <flags class="java.util.ArrayList"></flags>
                    <name class="java.lang.String" value="HWTRIGSTART_HWTRIGSTOP"></name>
                    <editable class="java.lang.Boolean" value="false"></editable>
                  </entry>
                </element>
              </data>
              <flags class="java.util.ArrayList"></flags>
              <name class="java.lang.String" value="supported acq modes"></name>
              <editable class="java.lang.Boolean" value="false"></editable>
            </entry>
          </element>
          <element ID="1" class="java.util.Map.Entry">
            <key class="java.lang.String" value="pixCount"></key>
            <entry class="sophy.core.data.meta.SPIntegerMetaDataItem">
              <data class="java.lang.Integer" value="131072"></data>
              <flags class="java.util.ArrayList"></flags>
              <name class="java.lang.String" value="pixCount"></name>
              <editable class="java.lang.Boolean" value="false"></editable>
            </entry>
          </element>
          <element ID="2" class="java.util.Map.Entry">
            <key class="java.lang.String" value="rowLen"></key>
            <entry class="sophy.core.data.meta.SPIntegerMetaDataItem">
              <data class="java.lang.Integer" value="512"></data>
              <flags class="java.util.ArrayList"></flags>
              <name class="java.lang.String" value="rowLen"></name>
              <editable class="java.lang.Boolean" value="false"></editable>
            </entry>
          </element>
          <element ID="3" class="java.util.Map.Entry">
            <key class="java.lang.String" value="numberOfChips"></key>
            <entry class="sophy.core.data.meta.SPIntegerMetaDataItem">
              <data class="java.lang.Integer" value="2"></data>
              <flags class="java.util.ArrayList"></flags>
              <name class="java.lang.String" value="numberOfChips"></name>
              <editable class="java.lang.Boolean" value="false"></editable>
            </entry>
          </element>
          <element ID="4" class="java.util.Map.Entry">
            <key class="java.lang.String" value="numberOfRows"></key>
            <entry class="sophy.core.data.meta.SPIntegerMetaDataItem">
              <data class="java.lang.Integer" value="1"></data>
              <flags class="java.util.ArrayList"></flags>
              <name class="java.lang.String" value="numberOfRows"></name>
              <editable class="java.lang.Boolean" value="false"></editable>
            </entry>
          </element>
          <element ID="5" class="java.util.Map.Entry">
            <key class="java.lang.String" value="mpxType"></key>
            <entry class="sophy.core.data.meta.SPIntegerMetaDataItem">
              <data class="java.lang.Integer" value="3"></data>
              <flags class="java.util.ArrayList"></flags>
              <name class="java.lang.String" value="mpxType"></name>
              <editable class="java.lang.Boolean" value="false"></editable>
            </entry>
          </element>
          <element ID="6" class="java.util.Map.Entry">
            <key class="java.lang.String" value="chipboardID"></key>
            <entry class="sophy.core.data.meta.SPStringMetaDataItem">
              <data class="java.lang.String" value="2_G04-W0056-TPX_E02-W0056-TPX"></data>
              <flags class="java.util.ArrayList"></flags>
              <name class="java.lang.String" value="chipboardID"></name>
              <editable class="java.lang.Boolean" value="false"></editable>
            </entry>
          </element>
          <element ID="7" class="java.util.Map.Entry">
            <key class="java.lang.String" value="ifaceName"></key>
            <entry class="sophy.core.data.meta.SPStringMetaDataItem">
              <data class="java.lang.String" value="relaxd"></data>
              <flags class="java.util.ArrayList">
                <element ID="0" class="sophy.imaging.SPStoreWithFrameMetaDataFlag"></element>
              </flags>
              <name class="java.lang.String" value="ifaceName"></name>
              <editable class="java.lang.Boolean" value="false"></editable>
            </entry>
          </element>
          <element ID="8" class="java.util.Map.Entry">
            <key class="java.lang.String" value="clockTimepix"></key>
            <entry class="sophy.core.data.meta.SPDoubleMetaDataItem">
              <data class="java.lang.Double" value="10.0"></data>
              <flags class="java.util.ArrayList">
                <element ID="0" class="sophy.imaging.SPStoreWithFrameMetaDataFlag"></element>
              </flags>
              <name class="java.lang.String" value="clockTimepix"></name>
              <editable class="java.lang.Boolean" value="false"></editable>
            </entry>
          </element>
          <element ID="9" class="java.util.Map.Entry">
            <key class="java.lang.String" value="clockReadout"></key>
            <entry class="sophy.core.data.meta.SPDoubleMetaDataItem">
              <data class="java.lang.Double" value="62.5"></data>
              <flags class="java.util.ArrayList">
                <element ID="0" class="sophy.imaging.SPStoreWithFrameMetaDataFlag"></element>
              </flags>
              <name class="java.lang.String" value="clockReadout"></name>
              <editable class="java.lang.Boolean" value="false"></editable>
            </entry>
          </element>
          <element ID="10" class="java.util.Map.Entry">
            <key class="java.lang.String" value="maxPulseCount"></key>
            <entry class="sophy.core.data.meta.SPIntegerMetaDataItem">
              <data class="java.lang.Integer" value="10000"></data>
              <flags class="java.util.ArrayList"></flags>
              <name class="java.lang.String" value="maxPulseCount"></name>
              <editable class="java.lang.Boolean" value="false"></editable>
            </entry>
          </element>
          <element ID="11" class="java.util.Map.Entry">
            <key class="java.lang.String" value="maxPulseHeight"></key>
            <entry class="sophy.core.data.meta.SPDoubleMetaDataItem">
              <data class="java.lang.Double" value="1.2"></data>
              <flags class="java.util.ArrayList"></flags>
              <name class="java.lang.String" value="maxPulseHeight"></name>
              <editable class="java.lang.Boolean" value="false"></editable>
            </entry>
          </element>
          <element ID="12" class="java.util.Map.Entry">
            <key class="java.lang.String" value="maxPulsePeriod"></key>
            <entry class="sophy.core.data.meta.SPDoubleMetaDataItem">
              <data class="java.lang.Double" value="0.002"></data>
              <flags class="java.util.ArrayList"></flags>
              <name class="java.lang.String" value="maxPulsePeriod"></name>
              <editable class="java.lang.Boolean" value="false"></editable>
            </entry>
          </element>
          <element ID="13" class="java.util.Map.Entry">
            <key class="java.lang.String" value="suppCallback"></key>
            <entry class="sophy.core.data.meta.SPBooleanMetaDataItem">
              <data class="java.lang.Boolean" value="false"></data>
              <flags class="java.util.ArrayList"></flags>
              <name class="java.lang.String" value="suppCallback"></name>
              <editable class="java.lang.Boolean" value="false"></editable>
            </entry>
          </element>
          <element ID="14" class="java.util.Map.Entry">
            <key class="java.lang.String" value="timerMinVal"></key>
            <entry class="sophy.core.data.meta.SPDoubleMetaDataItem">
              <data class="java.lang.Double" value="1.0E-5"></data>
              <flags class="java.util.ArrayList"></flags>
              <name class="java.lang.String" value="timerMinVal"></name>
              <editable class="java.lang.Boolean" value="false"></editable>
            </entry>
          </element>
          <element ID="15" class="java.util.Map.Entry">
            <key class="java.lang.String" value="timerMaxVal"></key>
            <entry class="sophy.core.data.meta.SPDoubleMetaDataItem">
              <data class="java.lang.Double" value="42949.67295"></data>
              <flags class="java.util.ArrayList"></flags>
              <name class="java.lang.String" value="timerMaxVal"></name>
              <editable class="java.lang.Boolean" value="false"></editable>
            </entry>
          </element>
          <element ID="16" class="java.util.Map.Entry">
            <key class="java.lang.String" value="timerStep"></key>
            <entry class="sophy.core.data.meta.SPDoubleMetaDataItem">
              <data class="java.lang.Double" value="1.0E-5"></data>
              <flags class="java.util.ArrayList"></flags>
              <name class="java.lang.String" value="timerStep"></name>
              <editable class="java.lang.Boolean" value="false"></editable>
            </entry>
          </element>
          <element ID="17" class="java.util.Map.Entry">
            <key class="java.lang.String" value="extDacMinV"></key>
            <entry class="sophy.core.data.meta.SPDoubleMetaDataItem">
              <data class="java.lang.Double" value="0.0"></data>
              <flags class="java.util.ArrayList"></flags>
              <name class="java.lang.String" value="extDacMinV"></name>
              <editable class="java.lang.Boolean" value="false"></editable>
            </entry>
          </element>
          <element ID="18" class="java.util.Map.Entry">
            <key class="java.lang.String" value="extDacMaxV"></key>
            <entry class="sophy.core.data.meta.SPDoubleMetaDataItem">
              <data class="java.lang.Double" value="0.0"></data>
              <flags class="java.util.ArrayList"></flags>
              <name class="java.lang.String" value="extDacMaxV"></name>
              <editable class="java.lang.Boolean" value="false"></editable>
            </entry>
          </element>
          <element ID="19" class="java.util.Map.Entry">
            <key class="java.lang.String" value="extDacStep"></key>
            <entry class="sophy.core.data.meta.SPDoubleMetaDataItem">
              <data class="java.lang.Double" value="0.0"></data>
              <flags class="java.util.ArrayList"></flags>
              <name class="java.lang.String" value="extDacStep"></name>
              <editable class="java.lang.Boolean" value="false"></editable>
            </entry>
          </element>
        </data>
        <flags class="java.util.ArrayList">
          <element ID="0" class="sophy.imaging.SPStoreWithFrameMetaDataFlag"></element>
        </flags>
        <name class="java.lang.String" value="device info"></name>
        <editable class="java.lang.Boolean" value="false"></editable>
      </entry>
    </element>
    <element ID="7" class="java.util.Map.Entry">
      <key class="java.lang.String" value="HW Info 2"></key>
      <entry class="sophy.medipix.drivers.pxm.SPPXMHWInfo">
        <data class="java.util.LinkedHashMap">
          <element ID="0" class="java.util.Map.Entry">
            <key class="java.lang.Integer" value="0"></key>
            <entry class="sophy.medipix.HwInfoMetaItem">
              <data class="java.lang.Integer" value="2041"></data>
              <flags class="java.util.ArrayList">
                <element ID="0" class="sophy.imaging.SPStoreWithFrameMetaDataFlag"></element>
              </flags>
              <name class="java.lang.String" value="HW-lib version"></name>
              <description class="java.lang.String" value="Hardware-lib version"></description>
              <editable class="java.lang.Boolean" value="false"></editable>
            </entry>
          </element>
          <element ID="1" class="java.util.Map.Entry">
            <key class="java.lang.Integer" value="1"></key>
            <entry class="sophy.medipix.HwInfoMetaItem">
              <data class="java.lang.Integer" value="193"></data>
              <flags class="java.util.ArrayList">
                <element ID="0" class="sophy.imaging.SPStoreWithFrameMetaDataFlag"></element>
              </flags>
              <name class="java.lang.String" value="FW version"></name>
              <description class="java.lang.String" value="Firmware version"></description>
              <editable class="java.lang.Boolean" value="false"></editable>
            </entry>
          </element>
          <element ID="2" class="java.util.Map.Entry">
            <key class="java.lang.Integer" value="2"></key>
            <entry class="sophy.medipix.HwInfoMetaItem">
              <data class="java.lang.String" value="192.168.35.175"></data>
              <flags class="java.util.ArrayList">
                <element ID="0" class="sophy.imaging.SPStoreWithFrameMetaDataFlag"></element>
              </flags>
              <name class="java.lang.String" value="IP Address"></name>
              <description class="java.lang.String" value="Module IP Address"></description>
              <editable class="java.lang.Boolean" value="false"></editable>
            </entry>
          </element>
          <element ID="3" class="java.util.Map.Entry">
            <key class="java.lang.Integer" value="3"></key>
            <entry class="sophy.medipix.HwInfoMetaItem">
              <data class="java.lang.Integer" value="52753"></data>
              <flags class="java.util.ArrayList">
                <element ID="0" class="sophy.imaging.SPStoreWithFrameMetaDataFlag"></element>
              </flags>
              <name class="java.lang.String" value="IP Port number"></name>
              <description class="java.lang.String" value="Module IP Port number"></description>
              <editable class="java.lang.Boolean" value="false"></editable>
            </entry>
          </element>
          <element ID="4" class="java.util.Map.Entry">
            <key class="java.lang.Integer" value="4"></key>
            <entry class="sophy.medipix.HwInfoMetaItem">
              <data class="java.lang.Integer" value="33"></data>
              <flags class="java.util.ArrayList">
                <element ID="0" class="sophy.imaging.SPStoreWithFrameMetaDataFlag"></element>
              </flags>
              <name class="java.lang.String" value="FPGATemperature"></name>
              <description class="java.lang.String" value="FPGA temperature [C]"></description>
              <editable class="java.lang.Boolean" value="false"></editable>
            </entry>
          </element>
          <element ID="5" class="java.util.Map.Entry">
            <key class="java.lang.Integer" value="5"></key>
            <entry class="sophy.medipix.HwInfoMetaItem">
              <data class="java.lang.Integer" value="30"></data>
              <flags class="java.util.ArrayList">
                <element ID="0" class="sophy.imaging.SPStoreWithFrameMetaDataFlag"></element>
              </flags>
              <name class="java.lang.String" value="DetectorTemperature"></name>
              <description class="java.lang.String" value="Detector temperature [C]"></description>
              <editable class="java.lang.Boolean" value="false"></editable>
            </entry>
          </element>
          <element ID="6" class="java.util.Map.Entry">
            <key class="java.lang.Integer" value="6"></key>
            <entry class="sophy.medipix.HwInfoMetaItem">
              <data class="java.lang.Float" value="1.902353"></data>
              <flags class="java.util.ArrayList">
                <element ID="0" class="sophy.imaging.SPStoreWithFrameMetaDataFlag"></element>
              </flags>
              <name class="java.lang.String" value="MpixVDD"></name>
              <description class="java.lang.String" value="Medipix digital voltage [Vadc]"></description>
              <editable class="java.lang.Boolean" value="false"></editable>
            </entry>
          </element>
          <element ID="7" class="java.util.Map.Entry">
            <key class="java.lang.Integer" value="7"></key>
            <entry class="sophy.medipix.HwInfoMetaItem">
              <data class="java.lang.Float" value="2.1741176"></data>
              <flags class="java.util.ArrayList">
                <element ID="0" class="sophy.imaging.SPStoreWithFrameMetaDataFlag"></element>
              </flags>
              <name class="java.lang.String" value="MpixVDDA"></name>
              <description class="java.lang.String" value="Medipix analog voltage [Vadc]"></description>
              <editable class="java.lang.Boolean" value="false"></editable>
            </entry>
          </element>
          <element ID="8" class="java.util.Map.Entry">
            <key class="java.lang.Integer" value="8"></key>
            <entry class="sophy.medipix.HwInfoMetaItem">
              <data class="java.lang.Float" value="0.0"></data>
              <flags class="java.util.ArrayList">
                <element ID="0" class="sophy.imaging.SPStoreWithFrameMetaDataFlag"></element>
              </flags>
              <name class="java.lang.String" value="TestPulseLow"></name>
              <description class="java.lang.String" value="Test pulse voltage low [V]"></description>
              <editable class="java.lang.Boolean" value="true"></editable>
            </entry>
          </element>
          <element ID="9" class="java.util.Map.Entry">
            <key class="java.lang.Integer" value="9"></key>
            <entry class="sophy.medipix.HwInfoMetaItem">
              <data class="java.lang.Float" value="0.0"></data>
              <flags class="java.util.ArrayList">
                <element ID="0" class="sophy.imaging.SPStoreWithFrameMetaDataFlag"></element>
              </flags>
              <name class="java.lang.String" value="TestPulseHigh"></name>
              <description class="java.lang.String" value="Test pulse voltage high [V]"></description>
              <editable class="java.lang.Boolean" value="true"></editable>
            </entry>
          </element>
          <element ID="10" class="java.util.Map.Entry">
            <key class="java.lang.Integer" value="10"></key>
            <entry class="sophy.medipix.HwInfoMetaItem">
              <data class="java.lang.Integer" value="0"></data>
              <flags class="java.util.ArrayList">
                <element ID="0" class="sophy.imaging.SPStoreWithFrameMetaDataFlag"></element>
              </flags>
              <name class="java.lang.String" value="TestPulseFreq"></name>
              <description class="java.lang.String" value="Test pulse frequency [0.5kHz]"></description>
              <editable class="java.lang.Boolean" value="true"></editable>
            </entry>
          </element>
          <element ID="11" class="java.util.Map.Entry">
            <key class="java.lang.Integer" value="11"></key>
            <entry class="sophy.medipix.HwInfoMetaItem">
              <data class="java.lang.Integer" value="0"></data>
              <flags class="java.util.ArrayList">
                <element ID="0" class="sophy.imaging.SPStoreWithFrameMetaDataFlag"></element>
              </flags>
              <name class="java.lang.String" value="BiasAdjust"></name>
              <description class="java.lang.String" value="Sensor bias voltage adjustment [0..100%]"></description>
              <editable class="java.lang.Boolean" value="true"></editable>
            </entry>
          </element>
          <element ID="12" class="java.util.Map.Entry">
            <key class="java.lang.Integer" value="12"></key>
            <entry class="sophy.medipix.HwInfoMetaItem">
              <data class="java.lang.Integer" value="7"></data>
              <flags class="java.util.ArrayList">
                <element ID="0" class="sophy.imaging.SPStoreWithFrameMetaDataFlag"></element>
              </flags>
              <name class="java.lang.String" value="MpixVddAdjust"></name>
              <description class="java.lang.String" value="Medipix digital voltage adjustment [0..100%] (ca 1.8-2.3V)"></description>
              <editable class="java.lang.Boolean" value="true"></editable>
            </entry>
          </element>
          <element ID="13" class="java.util.Map.Entry">
            <key class="java.lang.Integer" value="13"></key>
            <entry class="sophy.medipix.HwInfoMetaItem">
              <data class="java.lang.Float" value="0.24588236"></data>
              <flags class="java.util.ArrayList">
                <element ID="0" class="sophy.imaging.SPStoreWithFrameMetaDataFlag"></element>
              </flags>
              <name class="java.lang.String" value="MpixAnalogCurrent"></name>
              <description class="java.lang.String" value="Medipix analog current [Vadc]"></description>
              <editable class="java.lang.Boolean" value="false"></editable>
            </entry>
          </element>
          <element ID="14" class="java.util.Map.Entry">
            <key class="java.lang.Integer" value="14"></key>
            <entry class="sophy.medipix.HwInfoMetaItem">
              <data class="java.lang.Float" value="0.03882353"></data>
              <flags class="java.util.ArrayList">
                <element ID="0" class="sophy.imaging.SPStoreWithFrameMetaDataFlag"></element>
              </flags>
              <name class="java.lang.String" value="MpixDigitalCurrent"></name>
              <description class="java.lang.String" value="Medipix digital current [Vadc]"></description>
              <editable class="java.lang.Boolean" value="false"></editable>
            </entry>
          </element>
          <element ID="15" class="java.util.Map.Entry">
            <key class="java.lang.Integer" value="15"></key>
            <entry class="sophy.medipix.HwInfoMetaItem">
              <data class="[I" externalObject="1_c44ceef5-8ca1-4541-aae9-2c97b5df2e6b_int[]"></data>
              <flags class="java.util.ArrayList"></flags>
              <name class="java.lang.String" value="ChipID"></name>
              <description class="java.lang.String" value="Chip identifier (24-bits)"></description>
              <editable class="java.lang.Boolean" value="false"></editable>
            </entry>
          </element>
          <element ID="16" class="java.util.Map.Entry">
            <key class="java.lang.Integer" value="16"></key>
            <entry class="sophy.medipix.HwInfoMetaItem">
              <data class="java.lang.String" value="G04-W0056-TPX E02-W0056-TPX"></data>
              <flags class="java.util.ArrayList">
                <element ID="0" class="sophy.imaging.SPStoreWithFrameMetaDataFlag"></element>
              </flags>
              <name class="java.lang.String" value="ChipNames"></name>
              <description class="java.lang.String" value="ChipIDs translated to names"></description>
              <editable class="java.lang.Boolean" value="false"></editable>
            </entry>
          </element>
          <element ID="17" class="java.util.Map.Entry">
            <key class="java.lang.Integer" value="17"></key>
            <entry class="sophy.medipix.HwInfoMetaItem">
              <data class="java.lang.Integer" value="1"></data>
              <flags class="java.util.ArrayList">
                <element ID="0" class="sophy.imaging.SPStoreWithFrameMetaDataFlag"></element>
              </flags>
              <name class="java.lang.String" value="FirstChipNumber"></name>
              <description class="java.lang.String" value="First chip number"></description>
              <editable class="java.lang.Boolean" value="true"></editable>
            </entry>
          </element>
          <element ID="18" class="java.util.Map.Entry">
            <key class="java.lang.Integer" value="21"></key>
            <entry class="sophy.medipix.HwInfoMetaItem">
              <data class="java.lang.Integer" value="2"></data>
              <flags class="java.util.ArrayList">
                <element ID="0" class="sophy.imaging.SPStoreWithFrameMetaDataFlag"></element>
              </flags>
              <name class="java.lang.String" value="ConfTpxClock"></name>
              <description class="java.lang.String" value="Timepix measurement clock (MHz: 0=100 1=50 2=10 3=Ext)"></description>
              <editable class="java.lang.Boolean" value="true"></editable>
            </entry>
          </element>
          <element ID="19" class="java.util.Map.Entry">
            <key class="java.lang.Integer" value="22"></key>
            <entry class="sophy.medipix.HwInfoMetaItem">
              <data class="java.lang.Boolean" value="false"></data>
              <flags class="java.util.ArrayList">
                <element ID="0" class="sophy.imaging.SPStoreWithFrameMetaDataFlag"></element>
              </flags>
              <name class="java.lang.String" value="ConfRoClock125MHz"></name>
              <description class="java.lang.String" value="Readout clock (True=150MHz False=62.5MHz)"></description>
              <editable class="java.lang.Boolean" value="true"></editable>
            </entry>
          </element>
          <element ID="20" class="java.util.Map.Entry">
            <key class="java.lang.Integer" value="23"></key>
            <entry class="sophy.medipix.HwInfoMetaItem">
              <data class="java.lang.Boolean" value="false"></data>
              <flags class="java.util.ArrayList">
                <element ID="0" class="sophy.imaging.SPStoreWithFrameMetaDataFlag"></element>
              </flags>
              <name class="java.lang.String" value="ConfTpxPreclocks"></name>
              <description class="java.lang.String" value="Use preclocks when a trigger is received"></description>
              <editable class="java.lang.Boolean" value="false"></editable>
            </entry>
          </element>
          <element ID="21" class="java.util.Map.Entry">
            <key class="java.lang.Integer" value="25"></key>
            <entry class="sophy.medipix.HwInfoMetaItem">
              <data class="java.lang.Integer" value="1"></data>
              <flags class="java.util.ArrayList">
                <element ID="0" class="sophy.imaging.SPStoreWithFrameMetaDataFlag"></element>
              </flags>
              <name class="java.lang.String" value="TriggerType"></name>
              <description class="java.lang.String" value="Trigger type (0=Negative, 1=Positive, 2=Pulse)"></description>
              <editable class="java.lang.Boolean" value="true"></editable>
            </entry>
          </element>
          <element ID="22" class="java.util.Map.Entry">
            <key class="java.lang.Integer" value="26"></key>
            <entry class="sophy.medipix.HwInfoMetaItem">
              <data class="java.lang.Boolean" value="true"></data>
              <flags class="java.util.ArrayList">
                <element ID="0" class="sophy.imaging.SPStoreWithFrameMetaDataFlag"></element>
              </flags>
              <name class="java.lang.String" value="InvalidLutZero"></name>
              <description class="java.lang.String" value="Invalid lookup table entry is zero"></description>
              <editable class="java.lang.Boolean" value="true"></editable>
            </entry>
          </element>
        </data>
        <flags class="java.util.ArrayList">
          <element ID="0" class="sophy.imaging.SPStoreWithFrameMetaDataFlag"></element>
        </flags>
        <name class="java.lang.String" value="HW Info 2"></name>
        <editable class="java.lang.Boolean" value="false"></editable>
      </entry>
    </element>
    <element ID="8" class="java.util.Map.Entry">
      <key class="java.lang.String" value="chips"></key>
      <entry class="sophy.medipix.SPMPXChipSet">
        <data class="java.util.LinkedHashMap">
          <element ID="0" class="java.util.Map.Entry">
            <key class="java.lang.Integer" value="0"></key>
            <entry class="sophy.medipix.TimepixChip">
              <data class="java.util.LinkedHashMap">
                <element ID="0" class="java.util.Map.Entry">
                  <key class="java.lang.String" value="DACs"></key>
                  <entry class="sophy.medipix.SPMPXDACCollection">
                    <data class="java.util.LinkedHashMap">
                      <element ID="0" class="java.util.Map.Entry">
                        <key class="java.lang.String" value="IKrum"></key>
                        <entry class="sophy.medipix.SPMPXDAC">
                          <data class="java.lang.Integer" value="5"></data>
                          <flags class="java.util.ArrayList">
                            <element ID="0" class="sophy.imaging.SPStoreWithFrameMetaDataFlag"></element>
                          </flags>
                          <name class="java.lang.String" value="IKrum"></name>
                          <editable class="java.lang.Boolean" value="true"></editable>
                          <defaultValue class="java.lang.Integer" value="5"></defaultValue>
                          <maxValue class="java.lang.Integer" value="255"></maxValue>
                          <minValue class="java.lang.Integer" value="0"></minValue>
                        </entry>
                      </element>
                      <element ID="1" class="java.util.Map.Entry">
                        <key class="java.lang.String" value="Disc"></key>
                        <entry class="sophy.medipix.SPMPXDAC">
                          <data class="java.lang.Integer" value="100"></data>
                          <flags class="java.util.ArrayList">
                            <element ID="0" class="sophy.imaging.SPStoreWithFrameMetaDataFlag"></element>
                          </flags>
                          <name class="java.lang.String" value="Disc"></name>
                          <editable class="java.lang.Boolean" value="true"></editable>
                          <defaultValue class="java.lang.Integer" value="100"></defaultValue>
                          <maxValue class="java.lang.Integer" value="255"></maxValue>
                          <minValue class="java.lang.Integer" value="0"></minValue>
                        </entry>
                      </element>
                      <element ID="2" class="java.util.Map.Entry">
                        <key class="java.lang.String" value="Preamp"></key>
                        <entry class="sophy.medipix.SPMPXDAC">
                          <data class="java.lang.Integer" value="255"></data>
                          <flags class="java.util.ArrayList">
                            <element ID="0" class="sophy.imaging.SPStoreWithFrameMetaDataFlag"></element>
                          </flags>
                          <name class="java.lang.String" value="Preamp"></name>
                          <editable class="java.lang.Boolean" value="true"></editable>
                          <defaultValue class="java.lang.Integer" value="255"></defaultValue>
                          <maxValue class="java.lang.Integer" value="255"></maxValue>
                          <minValue class="java.lang.Integer" value="0"></minValue>
                        </entry>
                      </element>
                      <element ID="3" class="java.util.Map.Entry">
                        <key class="java.lang.String" value="BuffAnalogA"></key>
                        <entry class="sophy.medipix.SPMPXDAC">
                          <data class="java.lang.Integer" value="127"></data>
                          <flags class="java.util.ArrayList">
                            <element ID="0" class="sophy.imaging.SPStoreWithFrameMetaDataFlag"></element>
                          </flags>
                          <name class="java.lang.String" value="BuffAnalogA"></name>
                          <editable class="java.lang.Boolean" value="true"></editable>
                          <defaultValue class="java.lang.Integer" value="127"></defaultValue>
                          <maxValue class="java.lang.Integer" value="255"></maxValue>
                          <minValue class="java.lang.Integer" value="0"></minValue>
                        </entry>
                      </element>
                      <element ID="4" class="java.util.Map.Entry">
                        <key class="java.lang.String" value="BuffAnalogB"></key>
                        <entry class="sophy.medipix.SPMPXDAC">
                          <data class="java.lang.Integer" value="127"></data>
                          <flags class="java.util.ArrayList">
                            <element ID="0" class="sophy.imaging.SPStoreWithFrameMetaDataFlag"></element>
                          </flags>
                          <name class="java.lang.String" value="BuffAnalogB"></name>
                          <editable class="java.lang.Boolean" value="true"></editable>
                          <defaultValue class="java.lang.Integer" value="127"></defaultValue>
                          <maxValue class="java.lang.Integer" value="255"></maxValue>
                          <minValue class="java.lang.Integer" value="0"></minValue>
                        </entry>
                      </element>
                      <element ID="5" class="java.util.Map.Entry">
                        <key class="java.lang.String" value="Hist"></key>
                        <entry class="sophy.medipix.SPMPXDAC">
                          <data class="java.lang.Integer" value="0"></data>
                          <flags class="java.util.ArrayList">
                            <element ID="0" class="sophy.imaging.SPStoreWithFrameMetaDataFlag"></element>
                          </flags>
                          <name class="java.lang.String" value="Hist"></name>
                          <editable class="java.lang.Boolean" value="true"></editable>
                          <defaultValue class="java.lang.Integer" value="0"></defaultValue>
                          <maxValue class="java.lang.Integer" value="255"></maxValue>
                          <minValue class="java.lang.Integer" value="0"></minValue>
                        </entry>
                      </element>
                      <element ID="6" class="java.util.Map.Entry">
                        <key class="java.lang.String" value="THL"></key>
                        <entry class="sophy.medipix.SPMPXDAC">
                          <data class="java.lang.Integer" value="409"></data>
                          <flags class="java.util.ArrayList">
                            <element ID="0" class="sophy.imaging.SPStoreWithFrameMetaDataFlag"></element>
                          </flags>
                          <name class="java.lang.String" value="THL"></name>
                          <editable class="java.lang.Boolean" value="true"></editable>
                          <defaultValue class="java.lang.Integer" value="250"></defaultValue>
                          <maxValue class="java.lang.Integer" value="1023"></maxValue>
                          <minValue class="java.lang.Integer" value="0"></minValue>
                        </entry>
                      </element>
                      <element ID="7" class="java.util.Map.Entry">
                        <key class="java.lang.String" value="THLCoarse"></key>
                        <entry class="sophy.medipix.SPMPXDAC">
                          <data class="java.lang.Integer" value="7"></data>
                          <flags class="java.util.ArrayList">
                            <element ID="0" class="sophy.imaging.SPStoreWithFrameMetaDataFlag"></element>
                          </flags>
                          <name class="java.lang.String" value="THLCoarse"></name>
                          <editable class="java.lang.Boolean" value="true"></editable>
                          <defaultValue class="java.lang.Integer" value="7"></defaultValue>
                          <maxValue class="java.lang.Integer" value="255"></maxValue>
                          <minValue class="java.lang.Integer" value="0"></minValue>
                        </entry>
                      </element>
                      <element ID="8" class="java.util.Map.Entry">
                        <key class="java.lang.String" value="Vcas"></key>
                        <entry class="sophy.medipix.SPMPXDAC">
                          <data class="java.lang.Integer" value="130"></data>
                          <flags class="java.util.ArrayList">
                            <element ID="0" class="sophy.imaging.SPStoreWithFrameMetaDataFlag"></element>
                          </flags>
                          <name class="java.lang.String" value="Vcas"></name>
                          <editable class="java.lang.Boolean" value="true"></editable>
                          <defaultValue class="java.lang.Integer" value="130"></defaultValue>
                          <maxValue class="java.lang.Integer" value="255"></maxValue>
                          <minValue class="java.lang.Integer" value="0"></minValue>
                        </entry>
                      </element>
                      <element ID="9" class="java.util.Map.Entry">
                        <key class="java.lang.String" value="FBK"></key>
                        <entry class="sophy.medipix.SPMPXDAC">
                          <data class="java.lang.Integer" value="128"></data>
                          <flags class="java.util.ArrayList">
                            <element ID="0" class="sophy.imaging.SPStoreWithFrameMetaDataFlag"></element>
                          </flags>
                          <name class="java.lang.String" value="FBK"></name>
                          <editable class="java.lang.Boolean" value="true"></editable>
                          <defaultValue class="java.lang.Integer" value="128"></defaultValue>
                          <maxValue class="java.lang.Integer" value="255"></maxValue>
                          <minValue class="java.lang.Integer" value="0"></minValue>
                        </entry>
                      </element>
                      <element ID="10" class="java.util.Map.Entry">
                        <key class="java.lang.String" value="GND"></key>
                        <entry class="sophy.medipix.SPMPXDAC">
                          <data class="java.lang.Integer" value="80"></data>
                          <flags class="java.util.ArrayList">
                            <element ID="0" class="sophy.imaging.SPStoreWithFrameMetaDataFlag"></element>
                          </flags>
                          <name class="java.lang.String" value="GND"></name>
                          <editable class="java.lang.Boolean" value="true"></editable>
                          <defaultValue class="java.lang.Integer" value="80"></defaultValue>
                          <maxValue class="java.lang.Integer" value="255"></maxValue>
                          <minValue class="java.lang.Integer" value="0"></minValue>
                        </entry>
                      </element>
                      <element ID="11" class="java.util.Map.Entry">
                        <key class="java.lang.String" value="THS"></key>
                        <entry class="sophy.medipix.SPMPXDAC">
                          <data class="java.lang.Integer" value="61"></data>
                          <flags class="java.util.ArrayList">
                            <element ID="0" class="sophy.imaging.SPStoreWithFrameMetaDataFlag"></element>
                          </flags>
                          <name class="java.lang.String" value="THS"></name>
                          <editable class="java.lang.Boolean" value="true"></editable>
                          <defaultValue class="java.lang.Integer" value="85"></defaultValue>
                          <maxValue class="java.lang.Integer" value="255"></maxValue>
                          <minValue class="java.lang.Integer" value="0"></minValue>
                        </entry>
                      </element>
                      <element ID="12" class="java.util.Map.Entry">
                        <key class="java.lang.String" value="BiasLVDS"></key>
                        <entry class="sophy.medipix.SPMPXDAC">
                          <data class="java.lang.Integer" value="128"></data>
                          <flags class="java.util.ArrayList">
                            <element ID="0" class="sophy.imaging.SPStoreWithFrameMetaDataFlag"></element>
                          </flags>
                          <name class="java.lang.String" value="BiasLVDS"></name>
                          <editable class="java.lang.Boolean" value="true"></editable>
                          <defaultValue class="java.lang.Integer" value="128"></defaultValue>
                          <maxValue class="java.lang.Integer" value="255"></maxValue>
                          <minValue class="java.lang.Integer" value="0"></minValue>
                        </entry>
                      </element>
                      <element ID="13" class="java.util.Map.Entry">
                        <key class="java.lang.String" value="RefLVDS"></key>
                        <entry class="sophy.medipix.SPMPXDAC">
                          <data class="java.lang.Integer" value="128"></data>
                          <flags class="java.util.ArrayList">
                            <element ID="0" class="sophy.imaging.SPStoreWithFrameMetaDataFlag"></element>
                          </flags>
                          <name class="java.lang.String" value="RefLVDS"></name>
                          <editable class="java.lang.Boolean" value="true"></editable>
                          <defaultValue class="java.lang.Integer" value="128"></defaultValue>
                          <maxValue class="java.lang.Integer" value="255"></maxValue>
                          <minValue class="java.lang.Integer" value="0"></minValue>
                        </entry>
                      </element>
                    </data>
                    <flags class="java.util.ArrayList">
                      <element ID="0" class="sophy.imaging.SPStoreWithFrameMetaDataFlag"></element>
                    </flags>
                    <name class="java.lang.String" value="DACs"></name>
                    <editable class="java.lang.Boolean" value="false"></editable>
                  </entry>
                </element>
                <element ID="1" class="java.util.Map.Entry">
                  <key class="java.lang.String" value="chipRow"></key>
                  <entry class="sophy.core.data.meta.SPIntegerMetaDataItem">
                    <data class="java.lang.Integer" value="0"></data>
                    <flags class="java.util.ArrayList">
                      <element ID="0" class="sophy.imaging.SPStoreWithFrameMetaDataFlag"></element>
                    </flags>
                    <name class="java.lang.String" value="chipRow"></name>
                    <description class="java.lang.String" value="Position of the chip in the array"></description>
                    <editable class="java.lang.Boolean" value="false"></editable>
                  </entry>
                </element>
                <element ID="2" class="java.util.Map.Entry">
                  <key class="java.lang.String" value="chipColumn"></key>
                  <entry class="sophy.core.data.meta.SPIntegerMetaDataItem">
                    <data class="java.lang.Integer" value="0"></data>
                    <flags class="java.util.ArrayList">
                      <element ID="0" class="sophy.imaging.SPStoreWithFrameMetaDataFlag"></element>
                    </flags>
                    <name class="java.lang.String" value="chipColumn"></name>
                    <description class="java.lang.String" value="Position of the chip in the array"></description>
                    <editable class="java.lang.Boolean" value="false"></editable>
                  </entry>
                </element>
                <element ID="3" class="java.util.Map.Entry">
                  <key class="java.lang.String" value="pixelIndexer"></key>
                  <entry class="sophy.core.data.meta.SPIndexer2DMetaDataItem">
                    <data class="sophy.medipix.SPMPXChipIndexer2D"></data>
                    <flags class="java.util.ArrayList"></flags>
                    <name class="java.lang.String" value="pixelIndexer"></name>
                    <editable class="java.lang.Boolean" value="false"></editable>
                  </entry>
                </element>
                <element ID="4" class="java.util.Map.Entry">
                  <key class="java.lang.String" value="rawDataPixelIndexer"></key>
                  <entry class="sophy.core.data.meta.SPIndexer2DMetaDataItem">
                    <data class="sophy.medipix.SPMPXChipIndexer2D"></data>
                    <flags class="java.util.ArrayList"></flags>
                    <name class="java.lang.String" value="rawDataPixelIndexer"></name>
                    <editable class="java.lang.Boolean" value="false"></editable>
                  </entry>
                </element>
                <element ID="5" class="java.util.Map.Entry">
                  <key class="java.lang.String" value="masks"></key>
                  <entry class="sophy.medipix.SPMPXPixelConfigMaskSet">
                    <data class="java.util.LinkedHashMap">
                      <element ID="0" class="java.util.Map.Entry">
                        <key class="java.lang.String" value="maskBits"></key>
                        <entry class="sophy.medipix.SPBitMaskMetaDataItem">
                          <data class="sophy.core.data.SPshortVector2D">
                            <data class="[S" externalObject="2_496e8051-d5de-4c84-9d80-921a9a014f9e_short[]"></data>
                            <columns class="java.lang.Integer" value="256"></columns>
                            <rows class="java.lang.Integer" value="256"></rows>
                            <indexer class="sophy.medipix.SPMPXChipIndexer2D"></indexer>
                          </data>
                          <flags class="java.util.ArrayList"></flags>
                          <name class="java.lang.String" value="maskBits"></name>
                          <description class="java.lang.String" value="Map of ignored pixels"></description>
                          <editable class="java.lang.Boolean" value="true"></editable>
                          <bitOffset class="java.lang.Integer" value="0"></bitOffset>
                          <bitSize class="java.lang.Integer" value="1"></bitSize>
                        </entry>
                      </element>
                      <element ID="1" class="java.util.Map.Entry">
                        <key class="java.lang.String" value="testBits"></key>
                        <entry class="sophy.medipix.SPBitMaskMetaDataItem">
                          <data class="sophy.core.data.SPshortVector2D">
                            <data class="[S" externalObject="3_d7446dd0-2332-4603-9eac-a043f10af57a_short[]"></data>
                            <columns class="java.lang.Integer" value="256"></columns>
                            <rows class="java.lang.Integer" value="256"></rows>
                            <indexer class="sophy.medipix.SPMPXChipIndexer2D"></indexer>
                          </data>
                          <flags class="java.util.ArrayList"></flags>
                          <name class="java.lang.String" value="testBits"></name>
                          <description class="java.lang.String" value="Map of test bit settings"></description>
                          <editable class="java.lang.Boolean" value="true"></editable>
                          <bitOffset class="java.lang.Integer" value="1"></bitOffset>
                          <bitSize class="java.lang.Integer" value="1"></bitSize>
                        </entry>
                      </element>
                      <element ID="2" class="java.util.Map.Entry">
                        <key class="java.lang.String" value="thlAdj"></key>
                        <entry class="sophy.medipix.SPBitMaskMetaDataItem">
                          <data class="sophy.core.data.SPshortVector2D">
                            <data class="[S" externalObject="4_13edecd4-e915-4755-a5d5-c1f14dcb6611_short[]"></data>
                            <columns class="java.lang.Integer" value="256"></columns>
                            <rows class="java.lang.Integer" value="256"></rows>
                            <indexer class="sophy.medipix.SPMPXChipIndexer2D"></indexer>
                          </data>
                          <flags class="java.util.ArrayList"></flags>
                          <name class="java.lang.String" value="thlAdj"></name>
                          <description class="java.lang.String" value="THL adjustment"></description>
                          <editable class="java.lang.Boolean" value="true"></editable>
                          <bitOffset class="java.lang.Integer" value="2"></bitOffset>
                          <bitSize class="java.lang.Integer" value="4"></bitSize>
                        </entry>
                      </element>
                      <element ID="3" class="java.util.Map.Entry">
                        <key class="java.lang.String" value="configFile"></key>
                        <entry class="sophy.core.data.meta.SPStringMetaDataItem">
                          <flags class="java.util.ArrayList"></flags>
                          <name class="java.lang.String" value="configFile"></name>
                          <editable class="java.lang.Boolean" value="false"></editable>
                        </entry>
                      </element>
                      <element ID="4" class="java.util.Map.Entry">
                        <key class="java.lang.String" value="mode"></key>
                        <entry class="sophy.medipix.SPBitMaskMetaDataItem">
                          <data class="sophy.core.data.SPshortVector2D">
                            <data class="[S" externalObject="5_1532a433-13fd-40d5-943f-784293aec8d2_short[]"></data>
                            <columns class="java.lang.Integer" value="256"></columns>
                            <rows class="java.lang.Integer" value="256"></rows>
                            <indexer class="sophy.medipix.SPMPXChipIndexer2D"></indexer>
                          </data>
                          <flags class="java.util.ArrayList"></flags>
                          <name class="java.lang.String" value="mode"></name>
                          <description class="java.lang.String" value="Pixel operation mode"></description>
                          <editable class="java.lang.Boolean" value="true"></editable>
                          <bitOffset class="java.lang.Integer" value="6"></bitOffset>
                          <bitSize class="java.lang.Integer" value="2"></bitSize>
                        </entry>
                      </element>
                    </data>
                    <flags class="java.util.ArrayList"></flags>
                    <name class="java.lang.String" value="pixel configuration"></name>
                    <editable class="java.lang.Boolean" value="false"></editable>
                  </entry>
                </element>
                <element ID="6" class="java.util.Map.Entry">
                  <key class="java.lang.String" value="Pixel mode"></key>
                  <entry class="sophy.core.data.meta.SPIntegerMetaDataItem">
                    <data class="java.lang.Integer" value="2"></data>
                    <flags class="java.util.ArrayList"></flags>
                    <name class="java.lang.String" value="Pixel mode"></name>
                    <description class="java.lang.String" value="Settings of the pixel operation."></description>
                    <editable class="java.lang.Boolean" value="true"></editable>
                  </entry>
                </element>
              </data>
              <flags class="java.util.ArrayList">
                <element ID="0" class="sophy.imaging.SPStoreWithFrameMetaDataFlag"></element>
              </flags>
              <name class="java.lang.String" value="TPX chip 0"></name>
              <editable class="java.lang.Boolean" value="false"></editable>
            </entry>
          </element>
          <element ID="1" class="java.util.Map.Entry">
            <key class="java.lang.Integer" value="1"></key>
            <entry class="sophy.medipix.TimepixChip">
              <data class="java.util.LinkedHashMap">
                <element ID="0" class="java.util.Map.Entry">
                  <key class="java.lang.String" value="DACs"></key>
                  <entry class="sophy.medipix.SPMPXDACCollection">
                    <data class="java.util.LinkedHashMap">
                      <element ID="0" class="java.util.Map.Entry">
                        <key class="java.lang.String" value="IKrum"></key>
                        <entry class="sophy.medipix.SPMPXDAC">
                          <data class="java.lang.Integer" value="5"></data>
                          <flags class="java.util.ArrayList">
                            <element ID="0" class="sophy.imaging.SPStoreWithFrameMetaDataFlag"></element>
                          </flags>
                          <name class="java.lang.String" value="IKrum"></name>
                          <editable class="java.lang.Boolean" value="true"></editable>
                          <defaultValue class="java.lang.Integer" value="5"></defaultValue>
                          <maxValue class="java.lang.Integer" value="255"></maxValue>
                          <minValue class="java.lang.Integer" value="0"></minValue>
                        </entry>
                      </element>
                      <element ID="1" class="java.util.Map.Entry">
                        <key class="java.lang.String" value="Disc"></key>
                        <entry class="sophy.medipix.SPMPXDAC">
                          <data class="java.lang.Integer" value="100"></data>
                          <flags class="java.util.ArrayList">
                            <element ID="0" class="sophy.imaging.SPStoreWithFrameMetaDataFlag"></element>
                          </flags>
                          <name class="java.lang.String" value="Disc"></name>
                          <editable class="java.lang.Boolean" value="true"></editable>
                          <defaultValue class="java.lang.Integer" value="100"></defaultValue>
                          <maxValue class="java.lang.Integer" value="255"></maxValue>
                          <minValue class="java.lang.Integer" value="0"></minValue>
                        </entry>
                      </element>
                      <element ID="2" class="java.util.Map.Entry">
                        <key class="java.lang.String" value="Preamp"></key>
                        <entry class="sophy.medipix.SPMPXDAC">
                          <data class="java.lang.Integer" value="255"></data>
                          <flags class="java.util.ArrayList">
                            <element ID="0" class="sophy.imaging.SPStoreWithFrameMetaDataFlag"></element>
                          </flags>
                          <name class="java.lang.String" value="Preamp"></name>
                          <editable class="java.lang.Boolean" value="true"></editable>
                          <defaultValue class="java.lang.Integer" value="255"></defaultValue>
                          <maxValue class="java.lang.Integer" value="255"></maxValue>
                          <minValue class="java.lang.Integer" value="0"></minValue>
                        </entry>
                      </element>
                      <element ID="3" class="java.util.Map.Entry">
                        <key class="java.lang.String" value="BuffAnalogA"></key>
                        <entry class="sophy.medipix.SPMPXDAC">
                          <data class="java.lang.Integer" value="127"></data>
                          <flags class="java.util.ArrayList">
                            <element ID="0" class="sophy.imaging.SPStoreWithFrameMetaDataFlag"></element>
                          </flags>
                          <name class="java.lang.String" value="BuffAnalogA"></name>
                          <editable class="java.lang.Boolean" value="true"></editable>
                          <defaultValue class="java.lang.Integer" value="127"></defaultValue>
                          <maxValue class="java.lang.Integer" value="255"></maxValue>
                          <minValue class="java.lang.Integer" value="0"></minValue>
                        </entry>
                      </element>
                      <element ID="4" class="java.util.Map.Entry">
                        <key class="java.lang.String" value="BuffAnalogB"></key>
                        <entry class="sophy.medipix.SPMPXDAC">
                          <data class="java.lang.Integer" value="127"></data>
                          <flags class="java.util.ArrayList">
                            <element ID="0" class="sophy.imaging.SPStoreWithFrameMetaDataFlag"></element>
                          </flags>
                          <name class="java.lang.String" value="BuffAnalogB"></name>
                          <editable class="java.lang.Boolean" value="true"></editable>
                          <defaultValue class="java.lang.Integer" value="127"></defaultValue>
                          <maxValue class="java.lang.Integer" value="255"></maxValue>
                          <minValue class="java.lang.Integer" value="0"></minValue>
                        </entry>
                      </element>
                      <element ID="5" class="java.util.Map.Entry">
                        <key class="java.lang.String" value="Hist"></key>
                        <entry class="sophy.medipix.SPMPXDAC">
                          <data class="java.lang.Integer" value="0"></data>
                          <flags class="java.util.ArrayList">
                            <element ID="0" class="sophy.imaging.SPStoreWithFrameMetaDataFlag"></element>
                          </flags>
                          <name class="java.lang.String" value="Hist"></name>
                          <editable class="java.lang.Boolean" value="true"></editable>
                          <defaultValue class="java.lang.Integer" value="0"></defaultValue>
                          <maxValue class="java.lang.Integer" value="255"></maxValue>
                          <minValue class="java.lang.Integer" value="0"></minValue>
                        </entry>
                      </element>
                      <element ID="6" class="java.util.Map.Entry">
                        <key class="java.lang.String" value="THL"></key>
                        <entry class="sophy.medipix.SPMPXDAC">
                          <data class="java.lang.Integer" value="395"></data>
                          <flags class="java.util.ArrayList">
                            <element ID="0" class="sophy.imaging.SPStoreWithFrameMetaDataFlag"></element>
                          </flags>
                          <name class="java.lang.String" value="THL"></name>
                          <editable class="java.lang.Boolean" value="true"></editable>
                          <defaultValue class="java.lang.Integer" value="250"></defaultValue>
                          <maxValue class="java.lang.Integer" value="1023"></maxValue>
                          <minValue class="java.lang.Integer" value="0"></minValue>
                        </entry>
                      </element>
                      <element ID="7" class="java.util.Map.Entry">
                        <key class="java.lang.String" value="THLCoarse"></key>
                        <entry class="sophy.medipix.SPMPXDAC">
                          <data class="java.lang.Integer" value="7"></data>
                          <flags class="java.util.ArrayList">
                            <element ID="0" class="sophy.imaging.SPStoreWithFrameMetaDataFlag"></element>
                          </flags>
                          <name class="java.lang.String" value="THLCoarse"></name>
                          <editable class="java.lang.Boolean" value="true"></editable>
                          <defaultValue class="java.lang.Integer" value="7"></defaultValue>
                          <maxValue class="java.lang.Integer" value="255"></maxValue>
                          <minValue class="java.lang.Integer" value="0"></minValue>
                        </entry>
                      </element>
                      <element ID="8" class="java.util.Map.Entry">
                        <key class="java.lang.String" value="Vcas"></key>
                        <entry class="sophy.medipix.SPMPXDAC">
                          <data class="java.lang.Integer" value="130"></data>
                          <flags class="java.util.ArrayList">
                            <element ID="0" class="sophy.imaging.SPStoreWithFrameMetaDataFlag"></element>
                          </flags>
                          <name class="java.lang.String" value="Vcas"></name>
                          <editable class="java.lang.Boolean" value="true"></editable>
                          <defaultValue class="java.lang.Integer" value="130"></defaultValue>
                          <maxValue class="java.lang.Integer" value="255"></maxValue>
                          <minValue class="java.lang.Integer" value="0"></minValue>
                        </entry>
                      </element>
                      <element ID="9" class="java.util.Map.Entry">
                        <key class="java.lang.String" value="FBK"></key>
                        <entry class="sophy.medipix.SPMPXDAC">
                          <data class="java.lang.Integer" value="128"></data>
                          <flags class="java.util.ArrayList">
                            <element ID="0" class="sophy.imaging.SPStoreWithFrameMetaDataFlag"></element>
                          </flags>
                          <name class="java.lang.String" value="FBK"></name>
                          <editable class="java.lang.Boolean" value="true"></editable>
                          <defaultValue class="java.lang.Integer" value="128"></defaultValue>
                          <maxValue class="java.lang.Integer" value="255"></maxValue>
                          <minValue class="java.lang.Integer" value="0"></minValue>
                        </entry>
                      </element>
                      <element ID="10" class="java.util.Map.Entry">
                        <key class="java.lang.String" value="GND"></key>
                        <entry class="sophy.medipix.SPMPXDAC">
                          <data class="java.lang.Integer" value="80"></data>
                          <flags class="java.util.ArrayList">
                            <element ID="0" class="sophy.imaging.SPStoreWithFrameMetaDataFlag"></element>
                          </flags>
                          <name class="java.lang.String" value="GND"></name>
                          <editable class="java.lang.Boolean" value="true"></editable>
                          <defaultValue class="java.lang.Integer" value="80"></defaultValue>
                          <maxValue class="java.lang.Integer" value="255"></maxValue>
                          <minValue class="java.lang.Integer" value="0"></minValue>
                        </entry>
                      </element>
                      <element ID="11" class="java.util.Map.Entry">
                        <key class="java.lang.String" value="THS"></key>
                        <entry class="sophy.medipix.SPMPXDAC">
                          <data class="java.lang.Integer" value="64"></data>
                          <flags class="java.util.ArrayList">
                            <element ID="0" class="sophy.imaging.SPStoreWithFrameMetaDataFlag"></element>
                          </flags>
                          <name class="java.lang.String" value="THS"></name>
                          <editable class="java.lang.Boolean" value="true"></editable>
                          <defaultValue class="java.lang.Integer" value="85"></defaultValue>
                          <maxValue class="java.lang.Integer" value="255"></maxValue>
                          <minValue class="java.lang.Integer" value="0"></minValue>
                        </entry>
                      </element>
                      <element ID="12" class="java.util.Map.Entry">
                        <key class="java.lang.String" value="BiasLVDS"></key>
                        <entry class="sophy.medipix.SPMPXDAC">
                          <data class="java.lang.Integer" value="128"></data>
                          <flags class="java.util.ArrayList">
                            <element ID="0" class="sophy.imaging.SPStoreWithFrameMetaDataFlag"></element>
                          </flags>
                          <name class="java.lang.String" value="BiasLVDS"></name>
                          <editable class="java.lang.Boolean" value="true"></editable>
                          <defaultValue class="java.lang.Integer" value="128"></defaultValue>
                          <maxValue class="java.lang.Integer" value="255"></maxValue>
                          <minValue class="java.lang.Integer" value="0"></minValue>
                        </entry>
                      </element>
                      <element ID="13" class="java.util.Map.Entry">
                        <key class="java.lang.String" value="RefLVDS"></key>
                        <entry class="sophy.medipix.SPMPXDAC">
                          <data class="java.lang.Integer" value="128"></data>
                          <flags class="java.util.ArrayList">
                            <element ID="0" class="sophy.imaging.SPStoreWithFrameMetaDataFlag"></element>
                          </flags>
                          <name class="java.lang.String" value="RefLVDS"></name>
                          <editable class="java.lang.Boolean" value="true"></editable>
                          <defaultValue class="java.lang.Integer" value="128"></defaultValue>
                          <maxValue class="java.lang.Integer" value="255"></maxValue>
                          <minValue class="java.lang.Integer" value="0"></minValue>
                        </entry>
                      </element>
                    </data>
                    <flags class="java.util.ArrayList">
                      <element ID="0" class="sophy.imaging.SPStoreWithFrameMetaDataFlag"></element>
                    </flags>
                    <name class="java.lang.String" value="DACs"></name>
                    <editable class="java.lang.Boolean" value="false"></editable>
                  </entry>
                </element>
                <element ID="1" class="java.util.Map.Entry">
                  <key class="java.lang.String" value="chipRow"></key>
                  <entry class="sophy.core.data.meta.SPIntegerMetaDataItem">
                    <data class="java.lang.Integer" value="0"></data>
                    <flags class="java.util.ArrayList">
                      <element ID="0" class="sophy.imaging.SPStoreWithFrameMetaDataFlag"></element>
                    </flags>
                    <name class="java.lang.String" value="chipRow"></name>
                    <description class="java.lang.String" value="Position of the chip in the array"></description>
                    <editable class="java.lang.Boolean" value="false"></editable>
                  </entry>
                </element>
                <element ID="2" class="java.util.Map.Entry">
                  <key class="java.lang.String" value="chipColumn"></key>
                  <entry class="sophy.core.data.meta.SPIntegerMetaDataItem">
                    <data class="java.lang.Integer" value="1"></data>
                    <flags class="java.util.ArrayList">
                      <element ID="0" class="sophy.imaging.SPStoreWithFrameMetaDataFlag"></element>
                    </flags>
                    <name class="java.lang.String" value="chipColumn"></name>
                    <description class="java.lang.String" value="Position of the chip in the array"></description>
                    <editable class="java.lang.Boolean" value="false"></editable>
                  </entry>
                </element>
                <element ID="3" class="java.util.Map.Entry">
                  <key class="java.lang.String" value="pixelIndexer"></key>
                  <entry class="sophy.core.data.meta.SPIndexer2DMetaDataItem">
                    <data class="sophy.medipix.SPMPXChipIndexer2D"></data>
                    <flags class="java.util.ArrayList"></flags>
                    <name class="java.lang.String" value="pixelIndexer"></name>
                    <editable class="java.lang.Boolean" value="false"></editable>
                  </entry>
                </element>
                <element ID="4" class="java.util.Map.Entry">
                  <key class="java.lang.String" value="rawDataPixelIndexer"></key>
                  <entry class="sophy.core.data.meta.SPIndexer2DMetaDataItem">
                    <data class="sophy.medipix.SPMPXChipIndexer2D"></data>
                    <flags class="java.util.ArrayList"></flags>
                    <name class="java.lang.String" value="rawDataPixelIndexer"></name>
                    <editable class="java.lang.Boolean" value="false"></editable>
                  </entry>
                </element>
                <element ID="5" class="java.util.Map.Entry">
                  <key class="java.lang.String" value="masks"></key>
                  <entry class="sophy.medipix.SPMPXPixelConfigMaskSet">
                    <data class="java.util.LinkedHashMap">
                      <element ID="0" class="java.util.Map.Entry">
                        <key class="java.lang.String" value="maskBits"></key>
                        <entry class="sophy.medipix.SPBitMaskMetaDataItem">
                          <data class="sophy.core.data.SPshortVector2D">
                            <data class="[S" externalObject="6_7471e6ab-33f0-4370-aabe-85d566c5ce17_short[]"></data>
                            <columns class="java.lang.Integer" value="256"></columns>
                            <rows class="java.lang.Integer" value="256"></rows>
                            <indexer class="sophy.medipix.SPMPXChipIndexer2D"></indexer>
                          </data>
                          <flags class="java.util.ArrayList"></flags>
                          <name class="java.lang.String" value="maskBits"></name>
                          <description class="java.lang.String" value="Map of ignored pixels"></description>
                          <editable class="java.lang.Boolean" value="true"></editable>
                          <bitOffset class="java.lang.Integer" value="0"></bitOffset>
                          <bitSize class="java.lang.Integer" value="1"></bitSize>
                        </entry>
                      </element>
                      <element ID="1" class="java.util.Map.Entry">
                        <key class="java.lang.String" value="testBits"></key>
                        <entry class="sophy.medipix.SPBitMaskMetaDataItem">
                          <data class="sophy.core.data.SPshortVector2D">
                            <data class="[S" externalObject="7_dd88f19f-6d7d-42f2-ba49-1e747117d664_short[]"></data>
                            <columns class="java.lang.Integer" value="256"></columns>
                            <rows class="java.lang.Integer" value="256"></rows>
                            <indexer class="sophy.medipix.SPMPXChipIndexer2D"></indexer>
                          </data>
                          <flags class="java.util.ArrayList"></flags>
                          <name class="java.lang.String" value="testBits"></name>
                          <description class="java.lang.String" value="Map of test bit settings"></description>
                          <editable class="java.lang.Boolean" value="true"></editable>
                          <bitOffset class="java.lang.Integer" value="1"></bitOffset>
                          <bitSize class="java.lang.Integer" value="1"></bitSize>
                        </entry>
                      </element>
                      <element ID="2" class="java.util.Map.Entry">
                        <key class="java.lang.String" value="thlAdj"></key>
                        <entry class="sophy.medipix.SPBitMaskMetaDataItem">
                          <data class="sophy.core.data.SPshortVector2D">
                            <data class="[S" externalObject="8_e017769d-2c6f-41c0-9df0-c7edcd46fa7a_short[]"></data>
                            <columns class="java.lang.Integer" value="256"></columns>
                            <rows class="java.lang.Integer" value="256"></rows>
                            <indexer class="sophy.medipix.SPMPXChipIndexer2D"></indexer>
                          </data>
                          <flags class="java.util.ArrayList"></flags>
                          <name class="java.lang.String" value="thlAdj"></name>
                          <description class="java.lang.String" value="THL adjustment"></description>
                          <editable class="java.lang.Boolean" value="true"></editable>
                          <bitOffset class="java.lang.Integer" value="2"></bitOffset>
                          <bitSize class="java.lang.Integer" value="4"></bitSize>
                        </entry>
                      </element>
                      <element ID="3" class="java.util.Map.Entry">
                        <key class="java.lang.String" value="configFile"></key>
                        <entry class="sophy.core.data.meta.SPStringMetaDataItem">
                          <flags class="java.util.ArrayList"></flags>
                          <name class="java.lang.String" value="configFile"></name>
                          <editable class="java.lang.Boolean" value="false"></editable>
                        </entry>
                      </element>
                      <element ID="4" class="java.util.Map.Entry">
                        <key class="java.lang.String" value="mode"></key>
                        <entry class="sophy.medipix.SPBitMaskMetaDataItem">
                          <data class="sophy.core.data.SPshortVector2D">
                            <data class="[S" externalObject="9_3f52c477-d54c-4474-abe2-474f01f8a3ba_short[]"></data>
                            <columns class="java.lang.Integer" value="256"></columns>
                            <rows class="java.lang.Integer" value="256"></rows>
                            <indexer class="sophy.medipix.SPMPXChipIndexer2D"></indexer>
                          </data>
                          <flags class="java.util.ArrayList"></flags>
                          <name class="java.lang.String" value="mode"></name>
                          <description class="java.lang.String" value="Pixel operation mode"></description>
                          <editable class="java.lang.Boolean" value="true"></editable>
                          <bitOffset class="java.lang.Integer" value="6"></bitOffset>
                          <bitSize class="java.lang.Integer" value="2"></bitSize>
                        </entry>
                      </element>
                    </data>
                    <flags class="java.util.ArrayList"></flags>
                    <name class="java.lang.String" value="pixel configuration"></name>
                    <editable class="java.lang.Boolean" value="false"></editable>
                  </entry>
                </element>
                <element ID="6" class="java.util.Map.Entry">
                  <key class="java.lang.String" value="Pixel mode"></key>
                  <entry class="sophy.core.data.meta.SPIntegerMetaDataItem">
                    <data class="java.lang.Integer" value="2"></data>
                    <flags class="java.util.ArrayList"></flags>
                    <name class="java.lang.String" value="Pixel mode"></name>
                    <description class="java.lang.String" value="Settings of the pixel operation."></description>
                    <editable class="java.lang.Boolean" value="true"></editable>
                  </entry>
                </element>
              </data>
              <flags class="java.util.ArrayList">
                <element ID="0" class="sophy.imaging.SPStoreWithFrameMetaDataFlag"></element>
              </flags>
              <name class="java.lang.String" value="TPX chip 1"></name>
              <editable class="java.lang.Boolean" value="false"></editable>
            </entry>
          </element>
        </data>
        <flags class="java.util.ArrayList">
          <element ID="0" class="sophy.imaging.SPStoreWithFrameMetaDataFlag"></element>
        </flags>
        <name class="java.lang.String" value="chips"></name>
        <editable class="java.lang.Boolean" value="false"></editable>
      </entry>
    </element>
    <element ID="9" class="java.util.Map.Entry">
      <key class="java.lang.String" value="requiredDataType"></key>
      <entry class="sophy.core.data.meta.SPClassMetaDataItem">
        <data class="java.lang.Class" value="sophy.core.data.SPshortVector2D"></data>
        <flags class="java.util.ArrayList"></flags>
        <name class="java.lang.String" value="requiredDataType"></name>
        <editable class="java.lang.Boolean" value="false"></editable>
      </entry>
    </element>
    <element ID="10" class="java.util.Map.Entry">
      <key class="java.lang.String" value="requiredErrorType"></key>
      <entry class="sophy.core.data.meta.SPClassMetaDataItem">
        <data class="java.lang.Class" value="sophy.core.data.SPshortVector2D"></data>
        <flags class="java.util.ArrayList"></flags>
        <name class="java.lang.String" value="requiredErrorType"></name>
        <editable class="java.lang.Boolean" value="false"></editable>
      </entry>
    </element>
    <element ID="11" class="java.util.Map.Entry">
      <key class="java.lang.String" value="image transformation"></key>
      <entry class="sophy.core.plot.SPImageTransformationMetaData">
        <data class="java.util.concurrent.CopyOnWriteArrayList">
          <element ID="0" class="sophy.core.data.meta.SPBooleanMetaDataItem">
            <data class="java.lang.Boolean" value="false"></data>
            <flags class="java.util.ArrayList"></flags>
            <name class="java.lang.String" value="horizontalFlip"></name>
            <editable class="java.lang.Boolean" value="true"></editable>
          </element>
          <element ID="1" class="sophy.core.data.meta.SPBooleanMetaDataItem">
            <data class="java.lang.Boolean" value="false"></data>
            <flags class="java.util.ArrayList"></flags>
            <name class="java.lang.String" value="verticalFlip"></name>
            <editable class="java.lang.Boolean" value="true"></editable>
          </element>
          <element ID="2" class="sophy.core.plot.SPImageTransformRotMetaDataItem">
            <data class="sophy.core.data.ROTATION" value="DEG_0"></data>
            <flags class="java.util.ArrayList"></flags>
            <name class="java.lang.String" value="rotation"></name>
            <editable class="java.lang.Boolean" value="true"></editable>
          </element>
        </data>
        <flags class="java.util.ArrayList"></flags>
        <name class="java.lang.String" value="image transformation"></name>
        <description class="java.lang.String" value="Image rotation and flipping"></description>
        <editable class="java.lang.Boolean" value="false"></editable>
      </entry>
    </element>
    <element ID="12" class="java.util.Map.Entry">
      <key class="java.lang.String" value="pixelCalibration"></key>
      <entry class="sophy.imaging.SPPixelCalibrationMetaDataItem">
        <flags class="java.util.ArrayList"></flags>
        <name class="java.lang.String" value="pixelCalibration"></name>
        <description class="java.lang.String" value="Pixel calibration (i.e. TOT calibration)"></description>
        <editable class="java.lang.Boolean" value="true"></editable>
      </entry>
    </element>
  </data>
  <flags class="java.util.ArrayList">
    <element ID="0" class="sophy.imaging.SPStoreWithFrameMetaDataFlag"></element>
  </flags>
  <name class="java.lang.String" value="2_G04-W0056-TPX_E02-W0056-TPX"></name>
  <editable class="java.lang.Boolean" value="false"></editable>
</SoPhy>