<?xml version="1.0" ?>
<SoPhy>
  <data class="java.util.LinkedHashMap">
    <element ID="0" class="java.util.Map.Entry">
      <key class="java.lang.String" value="chips"></key>
      <entry class="sophy.medipix.SPMPXChipSet">
        <data class="java.util.LinkedHashMap">
          <element ID="0" class="java.util.Map.Entry">
            <key class="java.lang.Integer" value="0"></key>
            <entry class="sophy.medipix.TimepixChip">
              <data class="java.util.LinkedHashMap">
                <element ID="0" class="java.util.Map.Entry">
                  <key class="java.lang.String" value="DACs"></key>
                  <entry class="sophy.medipix.SPMPXDACCollection">
                    <data class="java.util.LinkedHashMap">
                      <element ID="0" class="java.util.Map.Entry">
                        <key class="java.lang.String" value="THL"></key>
                        <entry class="sophy.medipix.SPMPXDAC">
                          <data class="java.lang.Integer" value="354"></data>
                          <flags class="java.util.ArrayList">
                            <element ID="0" class="sophy.imaging.SPStoreWithFrameMetaDataFlag"></element>
                          </flags>
                          <name class="java.lang.String" value="THL"></name>
                          <editable class="java.lang.Boolean" value="true"></editable>
                          <defaultValue class="java.lang.Integer" value="250"></defaultValue>
                          <maxValue class="java.lang.Integer" value="1023"></maxValue>
                          <minValue class="java.lang.Integer" value="0"></minValue>
                        </entry>
                      </element>
                    </data>
                    <flags class="java.util.ArrayList"></flags>
                    <name class="java.lang.String" value="DACs"></name>
                    <editable class="java.lang.Boolean" value="false"></editable>
                  </entry>
                </element>
                <element ID="1" class="java.util.Map.Entry">
                  <key class="java.lang.String" value="chipRow"></key>
                  <entry class="sophy.core.data.meta.SPIntegerMetaDataItem">
                    <data class="java.lang.Integer" value="0"></data>
                    <flags class="java.util.ArrayList">
                      <element ID="0" class="sophy.imaging.SPStoreWithFrameMetaDataFlag"></element>
                    </flags>
                    <name class="java.lang.String" value="chipRow"></name>
                    <description class="java.lang.String" value="Position of the chip in the array"></description>
                    <editable class="java.lang.Boolean" value="false"></editable>
                  </entry>
                </element>
                <element ID="2" class="java.util.Map.Entry">
                  <key class="java.lang.String" value="chipColumn"></key>
                  <entry class="sophy.core.data.meta.SPIntegerMetaDataItem">
                    <data class="java.lang.Integer" value="0"></data>
                    <flags class="java.util.ArrayList">
                      <element ID="0" class="sophy.imaging.SPStoreWithFrameMetaDataFlag"></element>
                    </flags>
                    <name class="java.lang.String" value="chipColumn"></name>
                    <description class="java.lang.String" value="Position of the chip in the array"></description>
                    <editable class="java.lang.Boolean" value="false"></editable>
                  </entry>
                </element>
                <element ID="3" class="java.util.Map.Entry">
                  <key class="java.lang.String" value="pixelIndexer"></key>
                  <entry class="sophy.core.data.meta.SPIndexer2DMetaDataItem">
                    <data class="sophy.medipix.SPMPXChipIndexer2D"></data>
                    <flags class="java.util.ArrayList"></flags>
                    <name class="java.lang.String" value="pixelIndexer"></name>
                    <editable class="java.lang.Boolean" value="false"></editable>
                  </entry>
                </element>
                <element ID="4" class="java.util.Map.Entry">
                  <key class="java.lang.String" value="rawDataPixelIndexer"></key>
                  <entry class="sophy.core.data.meta.SPIndexer2DMetaDataItem">
                    <data class="sophy.medipix.SPMPXChipIndexer2D"></data>
                    <flags class="java.util.ArrayList"></flags>
                    <name class="java.lang.String" value="rawDataPixelIndexer"></name>
                    <editable class="java.lang.Boolean" value="false"></editable>
                  </entry>
                </element>
                <element ID="5" class="java.util.Map.Entry">
                  <key class="java.lang.String" value="masks"></key>
                  <entry class="sophy.medipix.SPMPXPixelConfigMaskSet">
                    <data class="java.util.LinkedHashMap">
                      <element ID="0" class="java.util.Map.Entry">
                        <key class="java.lang.String" value="maskBits"></key>
                        <entry class="sophy.medipix.SPBitMaskMetaDataItem">
                          <data class="sophy.core.data.SPshortVector2D">
                            <data class="[S" externalObject="0_934f5e97-b9b1-48c9-a944-9facea277803_short[]"></data>
                            <columns class="java.lang.Integer" value="256"></columns>
                            <rows class="java.lang.Integer" value="256"></rows>
                            <indexer class="sophy.medipix.SPMPXChipIndexer2D"></indexer>
                          </data>
                          <flags class="java.util.ArrayList"></flags>
                          <name class="java.lang.String" value="maskBits"></name>
                          <description class="java.lang.String" value="Map of ignored pixels"></description>
                          <editable class="java.lang.Boolean" value="true"></editable>
                          <bitOffset class="java.lang.Integer" value="0"></bitOffset>
                          <bitSize class="java.lang.Integer" value="1"></bitSize>
                        </entry>
                      </element>
                      <element ID="1" class="java.util.Map.Entry">
                        <key class="java.lang.String" value="testBits"></key>
                        <entry class="sophy.medipix.SPBitMaskMetaDataItem">
                          <data class="sophy.core.data.SPshortVector2D">
                            <data class="[S" externalObject="1_74b8e3de-c73a-4266-b8c3-1f05206f6fb4_short[]"></data>
                            <columns class="java.lang.Integer" value="256"></columns>
                            <rows class="java.lang.Integer" value="256"></rows>
                            <indexer class="sophy.medipix.SPMPXChipIndexer2D"></indexer>
                          </data>
                          <flags class="java.util.ArrayList"></flags>
                          <name class="java.lang.String" value="testBits"></name>
                          <description class="java.lang.String" value="Map of test bit settings"></description>
                          <editable class="java.lang.Boolean" value="true"></editable>
                          <bitOffset class="java.lang.Integer" value="1"></bitOffset>
                          <bitSize class="java.lang.Integer" value="1"></bitSize>
                        </entry>
                      </element>
                      <element ID="2" class="java.util.Map.Entry">
                        <key class="java.lang.String" value="thlAdj"></key>
                        <entry class="sophy.medipix.SPBitMaskMetaDataItem">
                          <data class="sophy.core.data.SPshortVector2D">
                            <data class="[S" externalObject="2_578b148f-2dba-45e5-b5d1-12ba62fc1a16_short[]"></data>
                            <columns class="java.lang.Integer" value="256"></columns>
                            <rows class="java.lang.Integer" value="256"></rows>
                            <indexer class="sophy.medipix.SPMPXChipIndexer2D"></indexer>
                          </data>
                          <flags class="java.util.ArrayList"></flags>
                          <name class="java.lang.String" value="thlAdj"></name>
                          <description class="java.lang.String" value="THL adjustment"></description>
                          <editable class="java.lang.Boolean" value="true"></editable>
                          <bitOffset class="java.lang.Integer" value="2"></bitOffset>
                          <bitSize class="java.lang.Integer" value="4"></bitSize>
                        </entry>
                      </element>
                      <element ID="3" class="java.util.Map.Entry">
                        <key class="java.lang.String" value="configFile"></key>
                        <entry class="sophy.core.data.meta.SPStringMetaDataItem">
                          <flags class="java.util.ArrayList"></flags>
                          <name class="java.lang.String" value="configFile"></name>
                          <editable class="java.lang.Boolean" value="false"></editable>
                        </entry>
                      </element>
                      <element ID="4" class="java.util.Map.Entry">
                        <key class="java.lang.String" value="mode"></key>
                        <entry class="sophy.medipix.SPBitMaskMetaDataItem">
                          <data class="sophy.core.data.SPshortVector2D">
                            <data class="[S" externalObject="3_045cae95-6c12-48ef-adcc-c0340ab5c5c9_short[]"></data>
                            <columns class="java.lang.Integer" value="256"></columns>
                            <rows class="java.lang.Integer" value="256"></rows>
                            <indexer class="sophy.medipix.SPMPXChipIndexer2D"></indexer>
                          </data>
                          <flags class="java.util.ArrayList"></flags>
                          <name class="java.lang.String" value="mode"></name>
                          <description class="java.lang.String" value="Pixel operation mode"></description>
                          <editable class="java.lang.Boolean" value="true"></editable>
                          <bitOffset class="java.lang.Integer" value="6"></bitOffset>
                          <bitSize class="java.lang.Integer" value="2"></bitSize>
                        </entry>
                      </element>
                    </data>
                    <flags class="java.util.ArrayList"></flags>
                    <name class="java.lang.String" value="pixel configuration"></name>
                    <editable class="java.lang.Boolean" value="false"></editable>
                  </entry>
                </element>
                <element ID="6" class="java.util.Map.Entry">
                  <key class="java.lang.String" value="Pixel mode"></key>
                  <entry class="sophy.core.data.meta.SPIntegerMetaDataItem">
                    <data class="java.lang.Integer" value="0"></data>
                    <flags class="java.util.ArrayList"></flags>
                    <name class="java.lang.String" value="Pixel mode"></name>
                    <description class="java.lang.String" value="Settings of the pixel operation."></description>
                    <editable class="java.lang.Boolean" value="true"></editable>
                  </entry>
                </element>
              </data>
              <flags class="java.util.ArrayList">
                <element ID="0" class="sophy.imaging.SPStoreWithFrameMetaDataFlag"></element>
              </flags>
              <name class="java.lang.String" value="TPX chip 0"></name>
              <editable class="java.lang.Boolean" value="false"></editable>
            </entry>
          </element>
          <element ID="1" class="java.util.Map.Entry">
            <key class="java.lang.Integer" value="1"></key>
            <entry class="sophy.medipix.TimepixChip">
              <data class="java.util.LinkedHashMap">
                <element ID="0" class="java.util.Map.Entry">
                  <key class="java.lang.String" value="DACs"></key>
                  <entry class="sophy.medipix.SPMPXDACCollection">
                    <data class="java.util.LinkedHashMap">
                      <element ID="0" class="java.util.Map.Entry">
                        <key class="java.lang.String" value="THL"></key>
                        <entry class="sophy.medipix.SPMPXDAC">
                          <data class="java.lang.Integer" value="340"></data>
                          <flags class="java.util.ArrayList">
                            <element ID="0" class="sophy.imaging.SPStoreWithFrameMetaDataFlag"></element>
                          </flags>
                          <name class="java.lang.String" value="THL"></name>
                          <editable class="java.lang.Boolean" value="true"></editable>
                          <defaultValue class="java.lang.Integer" value="250"></defaultValue>
                          <maxValue class="java.lang.Integer" value="1023"></maxValue>
                          <minValue class="java.lang.Integer" value="0"></minValue>
                        </entry>
                      </element>
                    </data>
                    <flags class="java.util.ArrayList"></flags>
                    <name class="java.lang.String" value="DACs"></name>
                    <editable class="java.lang.Boolean" value="false"></editable>
                  </entry>
                </element>
                <element ID="1" class="java.util.Map.Entry">
                  <key class="java.lang.String" value="chipRow"></key>
                  <entry class="sophy.core.data.meta.SPIntegerMetaDataItem">
                    <data class="java.lang.Integer" value="0"></data>
                    <flags class="java.util.ArrayList">
                      <element ID="0" class="sophy.imaging.SPStoreWithFrameMetaDataFlag"></element>
                    </flags>
                    <name class="java.lang.String" value="chipRow"></name>
                    <description class="java.lang.String" value="Position of the chip in the array"></description>
                    <editable class="java.lang.Boolean" value="false"></editable>
                  </entry>
                </element>
                <element ID="2" class="java.util.Map.Entry">
                  <key class="java.lang.String" value="chipColumn"></key>
                  <entry class="sophy.core.data.meta.SPIntegerMetaDataItem">
                    <data class="java.lang.Integer" value="1"></data>
                    <flags class="java.util.ArrayList">
                      <element ID="0" class="sophy.imaging.SPStoreWithFrameMetaDataFlag"></element>
                    </flags>
                    <name class="java.lang.String" value="chipColumn"></name>
                    <description class="java.lang.String" value="Position of the chip in the array"></description>
                    <editable class="java.lang.Boolean" value="false"></editable>
                  </entry>
                </element>
                <element ID="3" class="java.util.Map.Entry">
                  <key class="java.lang.String" value="pixelIndexer"></key>
                  <entry class="sophy.core.data.meta.SPIndexer2DMetaDataItem">
                    <data class="sophy.medipix.SPMPXChipIndexer2D"></data>
                    <flags class="java.util.ArrayList"></flags>
                    <name class="java.lang.String" value="pixelIndexer"></name>
                    <editable class="java.lang.Boolean" value="false"></editable>
                  </entry>
                </element>
                <element ID="4" class="java.util.Map.Entry">
                  <key class="java.lang.String" value="rawDataPixelIndexer"></key>
                  <entry class="sophy.core.data.meta.SPIndexer2DMetaDataItem">
                    <data class="sophy.medipix.SPMPXChipIndexer2D"></data>
                    <flags class="java.util.ArrayList"></flags>
                    <name class="java.lang.String" value="rawDataPixelIndexer"></name>
                    <editable class="java.lang.Boolean" value="false"></editable>
                  </entry>
                </element>
                <element ID="5" class="java.util.Map.Entry">
                  <key class="java.lang.String" value="masks"></key>
                  <entry class="sophy.medipix.SPMPXPixelConfigMaskSet">
                    <data class="java.util.LinkedHashMap">
                      <element ID="0" class="java.util.Map.Entry">
                        <key class="java.lang.String" value="maskBits"></key>
                        <entry class="sophy.medipix.SPBitMaskMetaDataItem">
                          <data class="sophy.core.data.SPshortVector2D">
                            <data class="[S" externalObject="4_95ce66bd-d69d-48bb-b3c2-e0f9ae4830ad_short[]"></data>
                            <columns class="java.lang.Integer" value="256"></columns>
                            <rows class="java.lang.Integer" value="256"></rows>
                            <indexer class="sophy.medipix.SPMPXChipIndexer2D"></indexer>
                          </data>
                          <flags class="java.util.ArrayList"></flags>
                          <name class="java.lang.String" value="maskBits"></name>
                          <description class="java.lang.String" value="Map of ignored pixels"></description>
                          <editable class="java.lang.Boolean" value="true"></editable>
                          <bitOffset class="java.lang.Integer" value="0"></bitOffset>
                          <bitSize class="java.lang.Integer" value="1"></bitSize>
                        </entry>
                      </element>
                      <element ID="1" class="java.util.Map.Entry">
                        <key class="java.lang.String" value="testBits"></key>
                        <entry class="sophy.medipix.SPBitMaskMetaDataItem">
                          <data class="sophy.core.data.SPshortVector2D">
                            <data class="[S" externalObject="5_08de81d3-0db5-4a03-ac79-531a69451530_short[]"></data>
                            <columns class="java.lang.Integer" value="256"></columns>
                            <rows class="java.lang.Integer" value="256"></rows>
                            <indexer class="sophy.medipix.SPMPXChipIndexer2D"></indexer>
                          </data>
                          <flags class="java.util.ArrayList"></flags>
                          <name class="java.lang.String" value="testBits"></name>
                          <description class="java.lang.String" value="Map of test bit settings"></description>
                          <editable class="java.lang.Boolean" value="true"></editable>
                          <bitOffset class="java.lang.Integer" value="1"></bitOffset>
                          <bitSize class="java.lang.Integer" value="1"></bitSize>
                        </entry>
                      </element>
                      <element ID="2" class="java.util.Map.Entry">
                        <key class="java.lang.String" value="thlAdj"></key>
                        <entry class="sophy.medipix.SPBitMaskMetaDataItem">
                          <data class="sophy.core.data.SPshortVector2D">
                            <data class="[S" externalObject="6_37a8d3fc-bbe5-4dfd-99f3-870c50f494ca_short[]"></data>
                            <columns class="java.lang.Integer" value="256"></columns>
                            <rows class="java.lang.Integer" value="256"></rows>
                            <indexer class="sophy.medipix.SPMPXChipIndexer2D"></indexer>
                          </data>
                          <flags class="java.util.ArrayList"></flags>
                          <name class="java.lang.String" value="thlAdj"></name>
                          <description class="java.lang.String" value="THL adjustment"></description>
                          <editable class="java.lang.Boolean" value="true"></editable>
                          <bitOffset class="java.lang.Integer" value="2"></bitOffset>
                          <bitSize class="java.lang.Integer" value="4"></bitSize>
                        </entry>
                      </element>
                      <element ID="3" class="java.util.Map.Entry">
                        <key class="java.lang.String" value="configFile"></key>
                        <entry class="sophy.core.data.meta.SPStringMetaDataItem">
                          <flags class="java.util.ArrayList"></flags>
                          <name class="java.lang.String" value="configFile"></name>
                          <editable class="java.lang.Boolean" value="false"></editable>
                        </entry>
                      </element>
                      <element ID="4" class="java.util.Map.Entry">
                        <key class="java.lang.String" value="mode"></key>
                        <entry class="sophy.medipix.SPBitMaskMetaDataItem">
                          <data class="sophy.core.data.SPshortVector2D">
                            <data class="[S" externalObject="7_30b60508-4916-4931-9dfa-d844601e253f_short[]"></data>
                            <columns class="java.lang.Integer" value="256"></columns>
                            <rows class="java.lang.Integer" value="256"></rows>
                            <indexer class="sophy.medipix.SPMPXChipIndexer2D"></indexer>
                          </data>
                          <flags class="java.util.ArrayList"></flags>
                          <name class="java.lang.String" value="mode"></name>
                          <description class="java.lang.String" value="Pixel operation mode"></description>
                          <editable class="java.lang.Boolean" value="true"></editable>
                          <bitOffset class="java.lang.Integer" value="6"></bitOffset>
                          <bitSize class="java.lang.Integer" value="2"></bitSize>
                        </entry>
                      </element>
                    </data>
                    <flags class="java.util.ArrayList"></flags>
                    <name class="java.lang.String" value="pixel configuration"></name>
                    <editable class="java.lang.Boolean" value="false"></editable>
                  </entry>
                </element>
                <element ID="6" class="java.util.Map.Entry">
                  <key class="java.lang.String" value="Pixel mode"></key>
                  <entry class="sophy.core.data.meta.SPIntegerMetaDataItem">
                    <data class="java.lang.Integer" value="0"></data>
                    <flags class="java.util.ArrayList"></flags>
                    <name class="java.lang.String" value="Pixel mode"></name>
                    <description class="java.lang.String" value="Settings of the pixel operation."></description>
                    <editable class="java.lang.Boolean" value="true"></editable>
                  </entry>
                </element>
              </data>
              <flags class="java.util.ArrayList">
                <element ID="0" class="sophy.imaging.SPStoreWithFrameMetaDataFlag"></element>
              </flags>
              <name class="java.lang.String" value="TPX chip 1"></name>
              <editable class="java.lang.Boolean" value="false"></editable>
            </entry>
          </element>
        </data>
        <flags class="java.util.ArrayList"></flags>
        <name class="java.lang.String" value="chips"></name>
        <editable class="java.lang.Boolean" value="false"></editable>
      </entry>
    </element>
    <element ID="1" class="java.util.Map.Entry">
      <key class="java.lang.String" value="requiredDataType"></key>
      <entry class="sophy.core.data.meta.SPClassMetaDataItem">
        <data class="java.lang.Class" value="sophy.core.data.SPshortVector2D"></data>
        <flags class="java.util.ArrayList"></flags>
        <name class="java.lang.String" value="requiredDataType"></name>
        <editable class="java.lang.Boolean" value="false"></editable>
      </entry>
    </element>
    <element ID="2" class="java.util.Map.Entry">
      <key class="java.lang.String" value="requiredErrorType"></key>
      <entry class="sophy.core.data.meta.SPClassMetaDataItem">
        <data class="java.lang.Class" value="sophy.core.data.SPshortVector2D"></data>
        <flags class="java.util.ArrayList"></flags>
        <name class="java.lang.String" value="requiredErrorType"></name>
        <editable class="java.lang.Boolean" value="false"></editable>
      </entry>
    </element>
    <element ID="3" class="java.util.Map.Entry">
      <key class="java.lang.String" value="pixelIndexer"></key>
      <entry class="sophy.core.data.meta.SPIndexer2DMetaDataItem">
        <data class="sophy.core.data.SPColumnStorageIndexer2D"></data>
        <flags class="java.util.ArrayList"></flags>
        <name class="java.lang.String" value="pixelIndexer"></name>
        <editable class="java.lang.Boolean" value="false"></editable>
      </entry>
    </element>
    <element ID="4" class="java.util.Map.Entry">
      <key class="java.lang.String" value="image transformation"></key>
      <entry class="sophy.core.plot.SPImageTransformationMetaData">
        <data class="java.util.concurrent.CopyOnWriteArrayList">
          <element ID="0" class="sophy.core.data.meta.SPBooleanMetaDataItem">
            <data class="java.lang.Boolean" value="false"></data>
            <flags class="java.util.ArrayList"></flags>
            <name class="java.lang.String" value="horizontalFlip"></name>
            <editable class="java.lang.Boolean" value="true"></editable>
          </element>
          <element ID="1" class="sophy.core.data.meta.SPBooleanMetaDataItem">
            <data class="java.lang.Boolean" value="false"></data>
            <flags class="java.util.ArrayList"></flags>
            <name class="java.lang.String" value="verticalFlip"></name>
            <editable class="java.lang.Boolean" value="true"></editable>
          </element>
          <element ID="2" class="sophy.core.plot.SPImageTransformRotMetaDataItem">
            <data class="sophy.core.data.ROTATION" value="DEG_0"></data>
            <flags class="java.util.ArrayList"></flags>
            <name class="java.lang.String" value="rotation"></name>
            <editable class="java.lang.Boolean" value="true"></editable>
          </element>
        </data>
        <flags class="java.util.ArrayList"></flags>
        <name class="java.lang.String" value="image transformation"></name>
        <description class="java.lang.String" value="Image rotation and flipping"></description>
        <editable class="java.lang.Boolean" value="false"></editable>
      </entry>
    </element>
    <element ID="5" class="java.util.Map.Entry">
      <key class="java.lang.String" value="expTime"></key>
      <entry class="sophy.core.data.meta.SPDoubleMetaDataItem">
        <data class="java.lang.Double" value="1.0"></data>
        <flags class="java.util.ArrayList"></flags>
        <name class="java.lang.String" value="expTime"></name>
        <description class="java.lang.String" value="Exposure time [s]"></description>
        <editable class="java.lang.Boolean" value="true"></editable>
      </entry>
    </element>
    <element ID="6" class="java.util.Map.Entry">
      <key class="java.lang.String" value="pixelCalibration"></key>
      <entry class="sophy.imaging.SPPixelCalibrationMetaDataItem">
        <flags class="java.util.ArrayList"></flags>
        <name class="java.lang.String" value="pixelCalibration"></name>
        <description class="java.lang.String" value="Pixel calibration (i.e. TOT calibration)"></description>
        <editable class="java.lang.Boolean" value="true"></editable>
      </entry>
    </element>
  </data>
  <flags class="java.util.ArrayList"></flags>
  <name class="java.lang.String" value="2_G04-W0056-TPX_E02-W0056-TPX"></name>
  <editable class="java.lang.Boolean" value="false"></editable>
</SoPhy>